b0,b1,b2,b3,b4,b5,b6,b7,b8,b9,b10,b11,b12,b13,b14,b15,b16,b17,b18,b19,b20,b21,b22,b23,b24,b25,b26,b27,b28,b29,b30,b31,b32,b33,b34,b35,b36,b37,b38,b39,b40,b41,b42,b43,b44,b45,b46,b47,b48,b49,b50,b51,b52,b53,b54,b55,b56,b57,b58,b59,b60,b61,b62,b63,name,score,label_good
1,0,0,0,0,1,1,1,1,0,1,1,1,0,0,1,0,1,0,0,1,1,1,0,1,1,0,1,1,1,1,1,1,0,1,1,1,1,1,0,1,1,1,1,1,1,1,0,1,1,1,1,0,1,1,1,1,0,1,0,1,1,0,1,GA_BEST,699.375,1
0,0,1,1,0,0,0,1,1,1,1,0,1,0,0,1,0,1,1,1,1,1,1,1,1,0,1,1,0,0,1,1,0,1,1,0,0,0,1,0,1,1,0,0,1,1,0,0,1,0,1,0,1,0,1,1,1,0,0,0,0,1,1,1,HILL_BEST,567.75,1
0,0,1,0,0,0,0,0,1,0,0,0,0,0,0,0,1,0,1,1,0,0,1,1,1,0,0,1,0,0,1,0,1,1,1,0,1,0,1,0,1,1,0,0,0,0,1,0,0,0,1,1,1,1,0,1,1,0,1,0,0,0,0,1,RND_0,460.8125,0
1,1,0,1,0,0,0,1,1,1,0,0,1,0,1,1,1,0,1,0,0,1,1,1,1,0,0,1,0,0,0,0,0,1,0,1,1,1,1,0,0,1,1,0,1,1,0,1,0,1,0,0,1,0,0,1,0,0,1,1,0,0,1,1,RND_1,481.3125,0
0,0,0,0,0,1,0,0,0,1,0,1,1,0,0,1,1,1,1,1,0,0,0,0,1,0,0,0,0,0,0,0,0,0,1,0,0,1,1,0,0,1,0,1,1,0,0,0,1,1,1,1,1,0,0,0,1,1,0,0,0,0,1,0,RND_2,493.0625,0
1,0,1,1,0,0,1,0,0,0,0,0,0,1,1,1,0,1,0,0,1,0,1,1,1,1,1,1,0,0,1,0,0,0,1,0,0,1,0,0,0,0,0,0,0,1,0,0,0,0,1,1,1,0,1,0,1,1,0,1,1,1,0,0,RND_3,386.4375,0
1,0,0,0,1,0,1,0,0,1,1,0,1,1,0,1,0,0,1,0,0,0,1,1,0,1,0,1,1,1,0,0,1,1,0,0,1,0,1,0,1,1,0,0,0,0,0,1,0,1,0,0,1,1,0,1,0,0,0,1,1,0,0,0,RND_4,405.875,0
0,1,0,0,1,1,0,1,0,0,1,0,1,0,0,1,1,1,0,0,0,0,1,1,1,0,1,1,1,1,0,0,1,0,1,0,0,1,1,1,1,0,1,0,1,0,1,0,0,1,1,0,1,1,0,1,1,1,1,1,1,0,0,1,RND_5,516.4375,1
1,0,1,1,0,1,1,0,1,1,1,1,1,0,1,0,0,1,1,0,0,1,0,0,0,0,0,0,1,0,1,1,0,1,1,1,0,0,0,0,1,0,0,1,0,0,0,1,0,1,1,1,1,1,0,1,1,1,0,1,1,0,1,1,RND_6,433.3125,0
0,1,0,1,1,1,0,0,0,0,1,0,0,0,1,1,1,1,1,0,0,1,1,0,1,1,0,1,1,1,1,0,1,0,1,1,1,0,1,1,1,0,1,0,0,1,0,0,1,0,1,0,0,1,1,1,0,1,1,1,1,1,1,1,RND_7,537.6875,1
0,1,0,0,1,0,0,0,0,0,0,0,0,0,0,1,0,0,1,1,1,0,0,0,1,0,0,1,1,1,0,0,0,0,1,0,0,1,1,1,0,1,0,1,1,0,1,1,1,0,1,0,1,1,1,1,1,1,0,0,1,1,0,1,RND_8,520.875,1
1,1,0,1,1,0,1,0,1,1,1,1,1,0,0,0,0,1,1,0,1,1,1,0,0,1,0,1,0,1,1,1,1,1,1,1,1,1,1,1,0,0,0,1,0,0,0,0,1,1,1,0,0,1,0,1,0,1,0,0,1,0,0,1,RND_9,477.0,0
0,1,0,0,1,1,1,1,1,0,0,1,1,0,0,1,1,0,0,0,0,1,0,0,0,1,0,1,1,1,1,1,1,0,0,0,0,1,0,0,0,0,0,0,0,1,1,1,1,0,0,1,1,1,0,0,1,0,1,0,0,0,1,0,RND_10,497.3125,0
0,0,0,1,1,1,0,1,1,1,1,1,1,0,0,1,1,1,0,0,0,0,1,0,0,1,1,1,0,1,1,0,1,1,1,1,1,0,0,1,1,1,1,1,0,1,0,1,1,1,0,1,0,1,1,0,0,1,1,1,0,0,1,0,RND_11,487.9375,0
1,1,1,0,0,0,0,1,0,1,0,0,0,1,0,0,1,1,1,1,1,1,0,1,0,1,0,0,0,1,1,1,1,0,1,1,1,0,1,1,1,1,1,1,1,0,0,1,0,1,0,1,1,1,1,0,1,0,0,1,0,1,0,1,RND_12,502.5,0
0,0,1,0,0,1,1,1,1,0,1,1,1,1,0,0,0,1,0,0,1,0,0,1,0,1,0,0,1,0,1,1,1,1,0,0,1,0,0,0,0,1,0,1,0,0,1,1,1,1,0,1,1,0,0,1,1,1,1,1,1,1,0,1,RND_13,491.5625,0
1,0,0,1,1,1,1,0,1,1,0,0,1,1,0,1,0,0,1,0,0,0,1,1,0,1,0,0,1,1,1,0,0,0,1,1,0,1,1,1,1,0,1,0,0,0,1,1,0,1,0,1,0,1,1,1,1,1,0,0,1,0,1,0,RND_14,467.125,0
0,1,1,1,0,0,0,0,1,1,0,0,0,0,1,1,1,1,0,1,0,1,1,1,0,1,0,1,1,0,1,0,1,1,0,1,1,0,0,1,0,0,0,0,1,0,0,0,0,0,0,0,1,0,0,1,0,0,1,0,0,0,0,0,RND_15,493.6875,0
1,0,1,0,0,1,0,0,1,0,0,1,1,1,0,1,0,0,1,1,0,0,1,1,1,0,1,1,0,0,1,0,0,0,1,1,1,1,1,1,0,0,0,1,1,0,1,1,1,1,1,0,1,1,1,1,1,0,1,0,0,0,0,1,RND_16,421.3125,0
0,1,0,0,1,0,1,1,1,0,1,1,1,0,0,0,1,0,0,1,1,0,1,0,1,0,1,0,0,1,1,1,1,0,0,0,1,0,0,0,0,0,1,1,1,1,0,1,1,1,0,0,0,0,0,0,1,1,1,1,1,1,1,0,RND_17,476.5625,0
0,1,1,0,1,1,1,0,0,1,0,0,0,1,0,0,1,1,1,0,0,1,1,0,0,1,0,1,0,1,0,1,0,1,0,1,1,1,1,1,0,1,0,1,0,1,1,0,1,0,0,1,1,0,1,1,1,0,1,0,0,0,0,1,RND_18,518.4375,1
1,0,0,0,0,1,0,0,0,0,0,1,1,1,1,1,0,1,0,1,1,1,1,0,1,0,1,1,1,0,0,1,1,0,0,1,1,0,1,0,1,1,0,0,1,0,1,0,0,0,0,1,1,0,1,1,1,1,1,1,0,1,0,1,RND_19,454.0,0
0,1,1,1,0,1,0,0,1,1,1,0,0,1,1,1,0,0,1,1,0,1,1,0,0,1,1,0,0,0,0,0,1,0,0,1,0,1,0,0,0,0,1,0,1,1,0,1,1,1,0,0,1,1,0,1,1,1,1,1,1,0,0,0,RND_20,538.9375,1
1,0,1,1,0,0,1,0,0,1,1,0,1,0,0,1,1,0,1,0,1,1,0,1,0,1,0,0,1,0,1,0,0,0,1,1,0,1,1,0,0,0,1,0,0,1,0,1,0,1,0,0,0,1,1,0,0,1,0,0,0,1,1,0,RND_21,512.9375,1
1,0,1,0,0,1,0,0,1,1,0,1,1,1,0,1,0,1,0,0,1,0,0,1,1,0,1,1,0,0,0,1,0,1,0,0,0,0,1,1,1,1,1,0,0,1,1,0,1,1,0,1,1,1,1,1,1,0,1,1,1,1,0,1,RND_22,464.875,0
0,1,0,1,1,0,0,1,1,1,1,1,0,1,1,1,0,1,1,1,0,0,1,1,0,0,0,1,0,0,0,0,1,1,1,0,0,1,1,1,1,0,0,1,1,1,1,0,0,0,0,1,1,0,1,1,1,0,1,1,0,0,0,0,RND_23,492.8125,0
1,0,1,0,1,1,0,1,1,0,0,1,0,0,0,0,0,1,0,1,1,1,0,0,0,1,1,1,1,1,0,0,1,0,1,1,1,0,0,0,1,0,0,0,1,0,0,1,0,1,1,0,1,0,1,0,1,0,0,0,0,1,0,0,RND_24,504.4375,0
0,0,1,0,1,0,1,1,1,1,0,1,1,1,0,0,0,1,1,1,1,0,1,0,1,1,1,1,0,1,0,1,0,1,0,1,1,0,0,0,0,1,1,1,0,0,1,1,0,0,1,1,1,1,1,0,0,1,1,0,0,1,0,0,RND_25,527.6875,1
1,1,1,1,0,0,1,0,1,1,1,1,0,1,0,0,1,1,0,1,1,1,0,0,0,1,1,1,1,0,0,1,0,0,0,0,1,1,1,0,0,1,1,0,1,1,1,1,1,1,0,1,1,0,1,1,0,1,1,0,0,1,0,1,RND_26,509.0625,0
0,0,0,0,0,0,1,1,1,0,1,0,1,1,0,0,0,1,1,1,1,0,1,1,1,1,1,0,0,1,1,0,1,1,0,1,1,1,1,1,1,0,1,1,1,0,1,0,1,0,1,1,1,1,0,0,1,1,0,0,0,0,0,0,RND_27,531.375,1
0,0,0,1,1,1,0,0,0,0,1,1,1,0,1,1,1,0,0,0,0,0,1,0,0,1,1,0,1,0,0,1,0,1,1,1,1,0,1,1,0,0,1,0,1,1,0,0,1,1,0,0,1,1,1,0,1,0,0,0,1,1,0,0,RND_28,497.375,0
1,1,0,1,1,1,1,0,1,1,0,0,0,1,1,0,1,1,0,1,1,0,0,0,1,0,1,1,1,1,0,0,0,1,1,0,0,0,0,0,0,1,1,0,0,1,0,1,0,1,0,1,1,0,1,1,0,1,1,0,0,0,0,1,RND_29,445.5625,0
1,0,0,0,1,0,1,1,0,0,1,1,1,1,1,1,0,0,1,0,0,1,0,0,0,0,1,1,1,1,0,0,1,1,0,1,0,0,0,1,0,0,0,0,0,0,1,0,0,0,1,1,0,0,0,0,1,0,1,1,0,1,0,0,RND_30,463.1875,0
1,1,1,0,0,1,1,0,1,1,1,1,1,0,1,1,0,1,0,0,1,0,1,0,1,1,0,1,0,1,0,1,0,1,1,0,0,0,1,1,0,0,0,0,1,0,1,1,0,0,0,0,1,0,0,1,0,1,1,1,1,1,1,1,RND_31,402.25,0
1,1,1,0,1,1,0,1,1,1,0,0,0,0,1,1,1,0,0,1,0,1,0,1,1,1,1,1,1,0,1,0,0,1,0,0,0,0,0,0,1,0,0,0,0,0,0,1,1,0,1,1,0,0,1,0,0,1,1,0,1,0,0,0,RND_32,441.3125,0
0,0,0,1,1,1,1,0,1,1,1,0,0,1,0,0,0,1,1,1,1,0,0,0,0,1,1,1,0,0,0,0,1,1,0,0,1,0,0,1,0,0,0,1,0,1,0,0,1,1,1,0,0,1,0,0,1,0,0,1,1,1,0,1,RND_33,475.3125,0
1,1,0,1,1,1,0,1,0,1,0,0,0,1,0,1,0,1,1,1,0,0,0,1,1,1,1,0,0,0,0,1,1,1,0,0,0,1,0,1,1,0,1,1,1,0,0,0,1,0,0,1,1,1,1,0,0,0,1,1,1,1,1,0,RND_34,490.5625,0
1,1,0,1,0,1,0,0,1,0,1,1,1,1,1,1,1,0,1,1,0,1,1,0,1,1,1,1,0,1,1,1,1,1,0,0,0,0,1,0,1,1,0,1,1,0,1,0,1,0,1,1,0,1,1,1,1,0,1,0,0,0,1,0,RND_35,489.5625,0
0,1,1,1,0,0,0,1,0,0,1,1,1,1,0,1,0,1,0,1,1,0,0,0,1,1,1,1,0,1,1,1,0,1,1,1,0,1,0,0,0,1,0,0,0,0,0,1,1,1,0,1,0,0,1,1,0,0,1,1,1,0,0,0,RND_36,505.5625,0
1,0,0,0,1,1,0,1,0,1,1,1,1,1,0,1,1,1,0,1,0,0,1,0,0,1,0,0,1,0,1,1,0,1,1,0,1,0,0,1,1,0,0,1,1,0,1,0,1,0,0,1,1,1,1,1,1,1,0,0,0,0,1,0,RND_37,485.3125,0
1,0,1,0,1,1,0,0,1,1,0,1,0,1,0,0,1,0,1,1,1,0,1,0,0,0,1,1,0,0,0,0,0,1,1,0,1,1,1,1,0,0,1,0,1,0,0,0,0,1,0,1,1,0,1,1,1,1,0,0,1,1,1,1,RND_38,433.3125,0
1,1,0,0,1,1,0,1,0,1,0,1,1,1,1,1,0,1,1,0,0,0,1,0,0,0,1,1,0,1,0,0,1,0,1,0,1,1,0,1,0,0,1,1,0,1,0,0,0,0,1,0,0,0,1,0,0,1,0,1,0,1,0,0,RND_39,463.3125,0
1,0,0,0,1,1,1,0,1,0,0,0,0,0,1,1,0,0,1,1,0,0,0,0,0,1,1,1,1,0,0,1,0,0,1,0,1,0,0,1,1,0,0,1,1,0,0,1,0,0,1,1,0,1,1,1,0,1,0,0,0,0,1,0,RND_40,496.5625,0
0,0,1,1,1,1,1,0,0,1,0,1,0,0,0,1,1,0,1,1,0,0,0,0,1,0,1,0,1,0,0,0,0,0,0,1,1,1,0,1,0,1,0,0,1,1,1,0,1,0,1,1,1,0,1,0,1,0,1,0,0,0,0,0,RND_41,483.5625,0
0,0,0,1,1,1,0,0,0,1,0,1,0,1,1,1,0,1,0,0,0,0,0,1,0,1,1,1,1,0,1,0,1,0,1,1,0,1,1,1,0,0,0,0,1,0,0,1,0,1,0,1,1,0,0,0,1,1,0,0,1,0,0,0,RND_42,503.875,0
1,1,1,0,0,0,1,0,0,1,0,0,1,1,1,1,1,1,1,1,0,0,0,0,0,0,0,0,1,1,1,1,0,1,0,1,1,1,1,0,0,0,1,0,0,1,0,0,0,1,1,0,1,1,0,0,1,1,0,0,1,0,0,0,RND_43,449.375,0
0,0,0,0,0,1,1,0,1,0,0,0,0,1,0,0,1,0,0,1,0,0,1,1,1,0,1,1,0,1,0,0,1,1,1,0,0,0,1,1,1,1,0,0,1,1,0,1,0,0,0,1,1,1,1,1,1,1,1,0,0,1,0,0,RND_44,450.5625,0
1,0,1,1,0,0,0,0,0,1,0,0,1,1,0,0,0,1,1,0,1,0,0,1,1,0,1,0,0,0,0,0,0,1,0,1,0,0,1,0,1,0,0,0,0,0,1,0,1,1,0,1,1,1,0,0,1,1,1,0,1,0,0,1,RND_45,431.25,0
1,1,0,0,0,1,0,0,1,0,0,1,0,1,0,0,1,1,0,0,1,1,0,1,0,0,0,1,1,0,0,0,1,1,1,0,1,1,1,1,1,0,1,0,0,1,0,0,1,0,1,1,0,0,1,0,1,0,0,0,1,1,0,1,RND_46,474.0625,0
0,1,0,0,0,1,0,0,1,1,1,1,0,0,0,1,1,0,0,1,0,1,0,1,1,0,0,0,0,0,1,0,1,0,1,1,1,1,1,0,1,0,1,1,1,0,1,0,1,1,1,1,0,1,0,0,0,0,1,1,0,0,1,1,RND_47,534.375,1
1,0,1,1,0,1,0,0,0,1,0,0,0,0,0,0,1,0,1,0,0,1,1,0,0,1,1,1,1,1,0,1,0,1,0,0,0,0,0,1,1,1,1,1,1,1,0,0,1,1,0,1,0,1,1,0,0,1,1,1,0,1,1,1,RND_48,468.125,0
1,1,0,0,0,1,1,1,1,1,0,0,1,0,1,1,1,0,0,0,1,1,0,0,0,0,0,0,0,0,1,0,1,0,1,1,1,1,0,0,0,1,1,1,0,1,1,1,0,1,0,1,0,1,0,0,0,0,0,0,1,1,0,0,RND_49,467.625,0
1,0,0,0,0,1,1,1,1,1,1,1,1,0,1,1,1,0,0,1,1,1,0,1,0,1,1,1,1,1,1,0,0,0,0,1,1,0,0,1,1,1,1,1,1,0,0,1,0,1,1,1,0,0,1,0,1,0,1,0,1,0,0,1,RND_50,509.75,0
0,1,1,1,1,1,1,1,0,1,0,0,1,0,0,1,1,1,0,0,0,0,1,1,1,0,1,0,0,1,1,0,1,0,0,1,1,0,0,0,1,0,0,1,1,1,1,1,1,0,0,0,1,0,1,0,0,0,0,0,1,1,0,0,RND_51,485.0,0
1,1,0,0,0,1,1,1,1,1,0,1,1,1,0,0,1,0,0,0,0,0,0,0,0,1,0,1,1,0,0,0,0,0,0,1,1,1,0,1,1,0,0,0,1,1,0,1,0,1,0,0,1,0,0,1,0,0,1,0,1,1,1,0,RND_52,444.6875,0
0,1,0,1,1,0,0,0,0,0,1,0,0,0,0,1,0,1,1,1,1,0,0,0,0,1,1,1,1,0,0,0,0,0,0,1,1,1,1,0,1,1,0,0,1,1,1,1,1,1,1,0,0,0,0,0,0,1,1,1,0,1,1,0,RND_53,475.9375,0
0,1,1,0,1,1,0,0,1,1,0,0,1,0,1,0,1,1,1,0,0,0,0,1,1,0,0,1,1,0,1,1,0,0,1,1,0,0,1,1,1,0,1,1,1,0,1,0,0,1,1,0,0,0,1,0,1,1,1,0,0,1,1,1,RND_54,481.6875,0
1,1,0,0,0,0,1,1,1,1,0,0,0,1,0,1,0,1,0,0,0,1,0,1,0,1,0,1,0,0,1,1,0,1,0,0,1,1,0,0,0,0,1,1,1,1,0,1,1,1,1,1,0,0,1,1,1,0,0,0,1,1,0,0,RND_55,489.5,0
1,0,1,1,1,1,1,0,0,0,1,0,0,0,0,1,0,1,1,0,0,1,0,0,1,1,0,0,1,0,1,0,1,1,1,1,0,0,1,0,1,0,1,0,0,1,1,0,0,0,0,0,1,0,1,1,1,0,0,1,0,1,1,0,RND_56,485.5625,0
0,0,1,0,1,1,1,0,1,0,0,0,0,1,1,0,1,0,0,1,1,1,1,0,1,0,0,1,1,0,0,0,1,1,0,1,1,1,0,1,1,1,0,1,0,1,0,0,0,0,0,0,0,1,0,0,1,0,0,0,1,1,0,0,RND_57,493.5,0
0,0,0,1,0,0,1,1,1,1,1,1,1,0,1,0,0,0,0,0,1,0,1,1,0,1,1,1,1,0,1,0,0,0,1,1,0,1,1,0,0,0,0,0,1,0,1,0,1,0,1,0,0,0,0,1,0,0,0,0,1,0,1,0,RND_58,470.5,0
1,0,0,1,1,1,0,0,0,1,0,0,1,1,1,1,1,0,1,1,1,0,0,1,0,0,1,1,1,0,1,1,1,1,1,1,1,0,0,0,1,0,0,1,0,0,0,0,1,0,0,1,1,0,1,1,0,1,0,1,0,1,1,0,RND_59,435.4375,0
0,0,0,1,0,0,0,1,1,0,0,1,0,0,1,1,0,0,0,1,1,1,1,0,0,1,0,1,1,0,1,1,1,0,1,1,0,1,1,1,1,1,0,0,1,0,0,0,1,0,0,0,0,1,0,0,1,1,0,1,1,1,0,0,RND_60,524.1875,1
1,0,0,0,0,0,0,0,0,0,0,1,0,1,0,1,0,0,1,1,1,0,0,1,0,0,1,0,1,1,0,0,1,1,0,0,0,0,1,0,0,0,1,0,0,0,1,0,0,1,1,1,0,1,0,1,1,1,0,1,0,1,1,0,RND_61,400.25,0
0,1,1,1,0,0,0,0,0,1,0,1,1,1,0,0,1,1,1,1,1,1,1,0,1,1,0,1,1,1,1,1,1,0,0,0,1,0,0,0,1,1,0,0,1,0,0,0,1,1,0,0,1,0,1,0,0,1,1,1,0,0,1,1,RND_62,512.1875,1
0,0,1,0,0,0,0,0,1,0,0,0,0,1,1,1,1,1,0,0,0,0,1,1,1,1,0,0,1,1,0,1,0,1,0,0,1,1,0,1,1,1,1,1,0,1,1,1,0,1,0,1,0,1,0,0,1,1,1,0,1,0,1,0,RND_63,504.4375,0
1,1,0,0,1,1,1,0,1,0,0,1,0,0,0,1,0,0,0,0,1,0,0,0,0,1,0,0,1,1,1,1,1,1,0,1,1,0,0,0,1,1,0,1,1,0,1,0,1,1,0,0,0,1,0,1,1,1,0,1,0,1,1,1,RND_64,469.8125,0
1,0,1,1,0,1,1,1,1,1,1,0,0,0,0,1,0,1,1,0,0,0,1,0,0,1,1,0,1,1,1,1,0,1,0,0,0,0,1,1,0,1,1,1,1,1,1,1,0,1,0,1,0,0,1,1,1,1,1,0,1,1,1,0,RND_65,505.125,0
0,1,1,1,0,0,0,1,0,1,1,1,1,1,1,1,1,1,1,0,0,0,0,0,1,0,0,0,1,0,0,0,1,0,0,1,0,0,1,0,0,1,1,0,0,1,1,0,0,0,0,0,1,1,1,1,1,1,0,0,1,1,1,1,RND_66,501.875,0
1,0,0,1,1,1,1,1,0,1,0,0,0,1,1,1,0,1,1,1,0,1,1,0,0,1,0,1,1,1,0,0,1,1,0,1,0,1,0,1,1,1,1,0,0,0,0,1,0,1,1,1,1,0,1,0,0,0,0,0,0,1,1,0,RND_67,506.375,0
1,0,0,0,0,0,1,0,1,1,1,1,1,1,0,1,0,0,0,1,1,0,1,0,0,1,1,0,0,0,1,1,0,0,0,1,0,0,1,1,1,1,0,0,0,1,1,1,0,1,0,0,0,0,1,1,0,0,1,0,1,0,0,0,RND_68,410.6875,0
1,0,1,0,0,0,1,0,1,0,0,1,0,0,0,1,0,1,1,1,0,0,1,1,0,1,0,1,1,1,1,0,0,1,1,1,1,0,0,0,1,1,1,1,1,0,1,0,0,1,0,1,0,1,0,1,0,1,1,1,1,0,0,0,RND_69,497.75,0
0,0,0,0,0,0,1,0,0,0,1,1,1,0,1,0,0,0,0,1,0,1,0,1,1,1,0,1,0,0,1,0,0,0,0,0,1,0,0,0,0,1,0,1,1,1,0,0,0,1,1,0,1,1,1,1,1,1,1,1,0,0,1,1,RND_70,480.4375,0
1,1,1,1,0,0,1,0,0,1,0,1,0,0,1,0,1,0,0,0,1,1,0,0,1,1,0,0,1,1,0,1,0,0,1,1,0,1,0,1,0,1,0,0,1,1,1,1,0,0,0,1,0,1,0,1,0,1,0,0,0,1,1,0,RND_71,472.4375,0
0,1,1,1,0,0,1,0,1,0,1,1,0,1,1,0,0,1,0,1,1,0,0,0,0,1,1,1,0,0,1,1,1,1,0,1,1,0,1,0,1,1,0,1,0,0,0,1,0,0,0,0,0,0,1,0,1,0,1,1,1,0,1,0,RND_72,496.75,0
0,0,1,1,0,0,1,0,1,0,0,1,0,1,0,1,0,0,1,1,1,0,0,1,1,0,1,0,1,1,0,0,0,1,0,0,0,1,1,1,1,0,0,1,1,1,1,0,1,0,1,1,0,1,0,0,1,1,0,0,1,0,1,0,RND_73,505.6875,0
0,1,1,1,1,0,0,0,0,0,1,0,1,0,0,1,0,0,0,1,0,0,1,1,1,1,1,1,0,0,0,0,0,0,1,0,0,0,0,1,0,1,0,1,1,0,1,1,1,0,0,0,0,0,1,0,1,1,0,0,0,0,0,1,RND_74,449.9375,0
1,1,1,0,1,1,0,1,1,1,0,0,1,1,0,0,1,0,1,0,0,1,1,1,1,1,1,0,1,1,0,0,1,1,0,0,0,0,1,1,1,1,0,0,1,0,1,0,1,1,0,0,0,0,1,1,0,1,0,1,1,0,0,1,RND_75,458.3125,0
0,0,0,0,0,1,1,1,1,1,0,0,0,0,0,1,0,1,1,1,0,1,0,0,1,1,1,1,0,0,0,1,0,0,0,0,0,1,0,0,0,1,1,0,0,0,1,0,0,1,0,1,1,0,0,1,1,1,1,0,1,0,1,1,RND_76,481.5625,0
0,0,1,1,1,0,0,0,0,0,1,1,1,1,1,1,0,1,1,1,0,0,1,0,0,0,0,1,0,0,1,1,0,1,1,0,0,0,1,1,0,1,1,1,0,0,1,1,1,0,0,0,1,1,1,1,0,0,1,0,1,1,1,1,RND_77,514.5,1
0,1,1,0,0,1,1,0,0,1,0,1,1,0,1,0,0,1,1,0,1,1,0,1,0,1,1,1,0,1,0,0,1,0,0,0,1,0,1,0,0,1,1,1,1,0,0,0,0,0,1,1,0,0,1,0,0,1,1,0,0,1,0,1,RND_78,500.0625,0
0,1,0,0,1,1,1,1,0,1,0,0,1,0,0,0,0,1,1,1,0,1,0,0,0,1,1,1,0,0,0,1,0,0,1,0,0,1,1,0,1,1,1,1,0,0,1,0,0,1,0,1,1,1,1,0,0,0,1,1,1,0,1,1,RND_79,497.75,0
1,1,0,0,1,0,1,1,1,0,1,1,0,0,1,0,1,0,1,1,1,1,0,0,0,1,1,0,1,0,1,1,1,0,0,0,1,0,1,1,0,1,0,1,1,0,0,1,1,1,0,0,0,0,0,0,0,1,1,1,1,0,0,1,RND_80,449.3125,0
1,1,1,1,0,0,1,0,1,0,1,0,0,1,0,1,0,0,1,1,1,1,1,1,1,0,0,1,0,0,1,1,1,0,1,0,0,0,0,0,0,1,1,0,0,0,1,1,1,0,1,1,1,1,1,0,0,1,0,1,0,1,1,1,RND_81,534.875,1
0,0,1,1,0,1,0,0,1,1,0,0,0,1,0,1,0,1,0,1,1,1,1,1,1,1,1,0,0,1,1,0,1,0,0,1,0,1,1,0,0,0,1,1,0,1,1,1,0,0,0,0,1,1,0,1,0,1,0,0,1,0,0,0,RND_82,500.8125,0
1,1,1,0,1,0,0,1,0,1,0,0,0,1,1,1,1,1,0,1,1,1,1,0,1,0,1,1,1,1,0,0,1,1,1,1,1,1,0,1,1,1,0,0,1,0,1,0,0,0,0,1,0,0,1,1,0,1,1,0,0,0,0,0,RND_83,517.1875,1
0,0,0,0,0,1,0,0,0,1,1,1,0,1,1,1,1,1,0,0,1,0,1,1,1,0,1,1,0,1,0,1,0,1,0,1,0,0,1,0,0,1,1,0,0,0,0,1,1,0,1,0,0,0,1,1,0,1,1,0,1,1,1,1,RND_84,456.1875,0
0,0,0,1,1,0,1,1,1,1,0,0,1,1,0,1,1,0,0,0,1,0,1,1,0,1,1,0,1,0,0,0,0,0,0,1,1,0,1,1,1,0,0,1,0,1,0,1,0,0,1,0,0,0,0,0,1,0,1,0,0,0,0,0,RND_85,473.375,0
0,1,0,1,0,0,0,0,1,0,0,0,1,1,1,1,0,0,1,0,0,0,1,0,0,1,0,1,0,1,0,1,0,0,0,0,1,0,0,1,0,0,0,0,0,1,1,1,0,0,0,1,1,1,0,0,0,0,1,0,1,1,1,0,RND_86,488.6875,0
0,0,0,0,1,0,1,0,1,0,0,0,0,1,1,0,0,0,0,1,1,0,1,1,1,1,0,0,0,0,0,0,1,0,0,0,1,1,1,0,1,0,0,1,0,0,0,1,0,1,0,0,1,1,0,1,0,0,1,0,1,1,0,1,RND_87,458.3125,0
0,1,1,0,1,0,0,0,1,0,0,1,1,1,0,1,0,1,0,0,0,0,1,1,0,1,1,1,0,1,0,0,1,1,0,0,0,1,0,0,1,0,1,1,1,0,1,1,0,0,0,1,0,0,1,1,0,0,0,1,1,0,1,0,RND_88,548.6875,1
1,1,0,1,0,1,1,0,0,1,1,0,1,1,1,0,0,1,0,1,0,0,1,1,1,0,1,1,0,0,0,0,1,0,0,1,0,0,1,1,1,1,1,0,0,1,1,1,1,0,1,1,1,1,0,0,1,0,0,1,0,1,0,0,RND_89,439.6875,0
0,1,0,0,1,0,0,0,1,1,0,1,1,1,1,0,1,0,0,0,0,1,1,1,1,1,1,1,1,0,1,0,1,0,1,1,1,0,0,1,1,1,0,0,1,0,0,0,0,0,0,0,1,0,1,1,1,0,0,0,1,1,0,1,RND_90,507.75,0
1,0,1,0,0,1,1,0,1,1,0,0,1,1,1,1,0,1,1,0,1,0,0,0,1,0,1,0,1,1,0,1,0,0,0,1,0,0,0,1,0,1,0,1,1,0,1,1,0,1,1,1,1,0,1,1,1,1,1,0,0,1,1,1,RND_91,447.4375,0
1,0,1,1,0,0,0,0,1,1,1,0,1,0,0,1,1,1,0,1,0,0,0,1,1,1,0,1,1,1,1,0,0,0,0,1,1,1,0,1,1,0,1,0,0,0,1,1,0,1,1,1,1,1,0,1,0,1,0,0,0,1,1,0,RND_92,555.875,1
1,0,0,1,1,1,1,0,1,1,0,0,0,0,0,1,1,1,1,1,0,1,0,0,0,1,1,1,1,1,0,0,0,0,0,0,0,1,1,0,0,0,0,1,1,1,1,0,1,1,0,1,0,0,0,0,0,0,1,0,0,0,0,1,RND_93,478.0,0
0,0,0,1,1,0,0,0,0,0,1,0,1,0,0,1,0,0,0,0,0,0,1,0,0,0,1,1,1,0,0,0,0,0,0,0,1,0,0,0,0,1,1,0,1,0,0,1,1,1,0,0,1,0,1,0,1,0,0,1,1,1,0,0,RND_94,435.875,0
1,1,0,1,1,1,1,1,0,1,1,1,0,0,1,1,0,0,1,0,1,1,0,0,0,1,1,0,0,0,1,0,1,0,1,0,0,1,1,1,1,1,1,1,1,1,1,0,1,0,0,1,1,1,0,0,0,0,0,0,1,0,0,1,RND_95,509.9375,0
1,0,1,0,0,1,1,0,1,1,1,1,1,0,0,1,0,1,1,1,1,1,1,0,0,0,1,0,1,1,0,1,1,1,0,1,1,1,0,0,1,1,1,1,1,1,1,0,0,0,0,1,1,0,1,1,0,1,1,1,1,1,0,0,RND_96,567.3125,1
0,0,1,0,0,1,0,1,0,0,1,0,1,1,1,1,0,1,0,1,1,1,1,0,1,0,0,1,1,1,0,1,1,1,0,1,0,0,1,1,0,1,1,0,0,0,1,1,0,1,1,0,1,0,1,1,1,1,0,1,1,1,1,0,RND_97,499.125,0
0,0,1,0,1,1,1,0,0,1,1,0,0,0,1,1,1,1,0,0,1,1,1,0,1,0,1,0,0,0,0,0,0,1,1,1,1,1,0,0,0,1,0,0,1,1,0,0,1,0,0,0,1,1,0,1,1,0,1,0,0,0,0,1,RND_98,480.0,0
1,0,0,0,1,1,1,0,1,0,0,0,0,0,1,1,1,1,0,1,1,0,1,1,1,0,1,0,1,1,1,1,0,0,0,0,1,1,1,1,0,0,1,1,0,1,1,1,0,0,1,0,0,1,1,1,0,1,0,1,1,1,1,1,RND_99,497.3125,0
0,0,1,0,1,1,1,1,0,0,0,1,0,0,1,0,1,1,0,0,0,0,0,1,1,1,1,0,1,0,1,1,0,0,1,1,0,1,1,0,0,0,0,0,1,0,1,0,0,1,1,1,0,0,1,0,0,0,1,1,1,0,0,0,RND_100,455.125,0
0,1,1,1,1,0,1,0,0,1,0,1,0,1,0,0,1,1,0,1,0,1,1,0,0,1,0,1,1,0,1,1,1,0,0,0,0,1,0,1,1,0,0,1,1,1,1,1,0,0,0,1,0,1,1,1,0,0,1,1,0,1,0,1,RND_101,471.0,0
0,0,1,1,1,1,1,1,1,1,1,0,1,1,0,1,0,0,0,0,0,0,0,1,1,0,1,1,0,1,0,1,1,1,1,1,0,0,0,1,0,0,1,0,0,1,0,0,0,1,0,0,1,0,1,0,1,0,1,1,0,1,0,0,RND_102,517.0,1
0,1,1,1,1,0,1,0,1,1,0,0,0,1,1,0,0,1,0,1,1,0,0,1,0,0,0,0,1,1,1,0,0,1,1,1,1,0,1,0,1,0,1,1,1,1,1,1,0,1,1,0,1,1,0,0,1,1,0,0,1,0,1,1,RND_103,521.25,1
1,0,1,1,0,0,1,0,1,1,0,0,0,0,1,1,0,1,1,1,1,0,0,0,1,0,0,1,0,0,1,1,1,1,1,1,1,0,0,0,0,1,0,1,0,0,1,0,0,0,1,1,1,1,1,1,1,1,0,0,0,0,0,0,RND_104,413.5625,0
0,0,0,0,1,0,0,1,0,0,1,1,0,1,1,0,0,0,0,1,1,1,0,1,0,0,1,1,0,1,0,0,1,1,1,1,0,1,1,1,1,0,0,0,1,1,0,1,1,1,0,1,1,1,1,0,0,1,0,1,1,1,0,0,RND_105,542.25,1
1,1,0,1,1,1,1,1,0,0,1,0,1,0,0,0,0,1,0,1,1,1,0,0,0,0,1,1,1,0,0,0,0,1,1,0,0,0,0,1,1,1,1,0,1,0,0,0,1,1,0,0,0,0,0,0,0,0,1,0,1,1,1,0,RND_106,439.8125,0
0,1,1,0,0,0,1,1,0,0,1,1,1,0,0,1,1,1,1,0,0,1,0,0,1,1,1,1,1,0,1,0,0,0,0,1,1,1,0,1,0,1,0,0,0,1,1,1,1,1,1,0,1,0,1,1,0,1,1,1,0,1,0,0,RND_107,463.375,0
1,1,0,1,0,0,1,1,0,0,0,1,0,1,1,0,0,1,1,1,0,0,0,1,1,0,1,1,0,0,1,1,1,0,1,0,0,1,0,1,1,0,0,1,1,0,0,0,1,0,1,0,1,0,1,1,1,1,1,1,1,1,1,0,RND_108,436.4375,0
0,0,1,1,0,0,0,1,1,0,0,1,0,1,0,0,1,1,0,0,0,1,1,1,1,1,1,0,0,0,1,0,1,1,0,0,1,0,0,1,0,0,1,1,1,1,1,1,1,0,0,1,1,1,0,1,0,1,1,0,1,1,0,1,RND_109,493.5625,0
1,0,0,0,1,0,0,0,0,0,1,0,0,0,0,1,0,0,1,0,1,1,0,1,0,1,1,0,1,0,1,1,1,0,0,0,0,1,0,0,1,0,0,1,1,0,0,1,0,0,0,1,1,0,1,0,1,1,1,1,0,0,0,0,RND_110,470.5,0
0,1,1,0,1,0,1,1,1,0,1,0,1,0,0,1,0,0,0,1,1,1,0,0,0,1,0,0,1,1,0,0,1,1,0,0,0,1,1,1,1,1,0,1,0,0,0,1,0,1,0,0,1,1,0,1,1,1,1,1,0,1,1,0,RND_111,477.125,0
1,1,0,0,0,1,0,0,0,1,1,1,0,0,0,1,0,1,1,1,1,0,0,0,1,1,0,1,0,0,0,1,1,0,0,1,0,0,1,1,0,1,1,0,0,0,1,0,1,1,0,0,0,0,0,0,0,1,0,1,0,0,1,1,RND_112,464.5,0
0,1,0,1,1,1,1,0,1,1,1,0,0,0,1,1,1,1,0,1,0,1,0,0,0,1,0,0,0,0,1,1,0,0,0,1,1,0,1,1,0,0,1,0,1,0,1,0,0,1,0,1,0,0,0,0,1,1,0,0,0,1,0,1,RND_113,492.75,0
1,0,0,0,0,1,1,1,0,1,0,0,1,1,1,1,0,1,0,1,1,0,0,0,0,0,0,0,1,1,1,1,1,0,0,0,0,0,0,1,1,1,1,0,0,1,1,1,1,1,0,0,0,0,0,1,1,0,0,0,0,1,0,1,RND_114,454.3125,0
1,1,1,1,1,1,0,0,1,0,1,0,0,0,0,1,0,0,1,1,1,0,1,0,0,1,0,0,1,0,0,0,1,1,0,1,0,0,0,0,1,0,0,1,0,1,0,0,0,0,0,1,0,0,0,1,0,1,0,1,1,0,1,1,RND_115,401.75,0
0,1,0,0,0,0,0,0,1,1,1,1,0,0,0,1,0,1,0,0,1,0,1,0,0,1,0,0,1,1,1,1,0,1,1,1,1,1,1,1,0,0,0,0,1,0,1,0,1,1,1,0,1,1,0,0,0,1,1,1,0,0,1,1,RND_116,507.75,0
1,1,1,1,1,1,1,1,1,1,0,0,1,0,1,0,1,0,1,0,1,0,0,0,0,1,0,0,1,0,1,1,1,1,0,0,1,0,1,1,1,1,1,0,1,0,1,0,0,0,1,0,1,1,1,0,1,0,1,1,0,1,1,0,RND_117,520.9375,1
1,0,0,1,0,1,1,1,0,1,1,1,1,1,0,0,0,0,1,1,1,0,1,0,1,0,1,0,1,1,1,0,0,0,0,0,1,0,0,0,0,1,1,0,0,1,0,1,0,1,0,0,1,1,1,0,0,0,1,1,0,1,0,0,RND_118,446.125,0
0,1,1,1,0,1,0,1,1,0,0,0,1,0,1,0,1,1,1,1,0,0,1,1,1,1,1,0,1,0,0,1,1,1,0,0,1,0,0,0,1,1,0,0,1,1,0,1,0,0,1,1,1,0,1,0,0,1,0,0,1,1,1,1,RND_119,511.4375,1
0,1,0,0,1,0,0,1,1,1,1,0,0,0,1,0,1,1,0,0,0,0,0,1,0,1,0,0,0,1,0,1,1,0,0,0,0,1,0,0,1,1,1,0,0,0,1,0,0,1,0,0,0,0,1,0,0,1,0,0,0,0,0,0,RND_120,473.3125,0
0,1,0,1,1,0,0,1,1,0,0,0,0,1,1,0,0,1,1,0,1,0,1,0,0,1,1,0,0,0,1,1,1,0,0,1,0,1,1,0,1,0,1,1,0,1,0,1,1,0,0,0,0,0,1,0,1,0,0,0,0,1,1,1,RND_121,478.0625,0
0,0,1,0,0,0,1,1,0,1,1,0,1,1,0,0,1,1,0,0,0,0,0,1,1,0,1,0,0,1,0,0,0,0,0,0,0,0,0,0,0,1,1,1,0,0,0,1,0,0,1,1,1,0,1,1,0,1,1,1,0,1,1,1,RND_122,501.4375,0
1,0,1,0,1,1,0,1,0,0,1,1,1,1,1,1,1,1,0,1,0,1,0,0,0,0,0,1,1,1,1,1,1,1,1,1,0,1,0,0,1,0,0,1,1,1,1,1,0,1,1,0,0,1,0,1,0,0,1,1,0,1,0,0,RND_123,471.875,0
0,0,0,1,1,0,0,1,0,1,1,1,1,1,1,0,0,1,0,1,0,1,1,0,0,1,0,0,0,1,1,1,1,0,0,1,0,0,0,1,0,0,1,0,0,0,0,0,0,1,1,1,0,0,0,1,0,1,0,1,0,1,0,0,RND_124,502.5,0
1,1,0,0,0,1,0,0,0,0,0,1,1,1,1,1,1,1,1,1,1,0,1,1,1,0,1,1,0,0,1,1,0,0,0,1,0,1,1,1,1,0,0,1,0,1,0,1,1,0,1,1,0,1,1,1,0,1,1,0,0,0,0,1,RND_125,404.125,0
0,1,1,0,1,0,1,0,0,0,0,0,0,1,0,0,1,1,1,0,1,1,0,0,1,0,1,0,0,1,1,1,1,0,0,1,0,1,0,0,0,1,0,0,1,0,1,1,0,1,0,0,1,1,1,1,0,0,0,1,0,1,1,0,RND_126,493.1875,0
1,0,1,1,0,1,0,0,1,1,0,1,1,0,1,1,1,0,1,0,0,0,0,0,1,1,1,0,0,1,1,1,1,1,1,1,0,1,1,0,1,0,0,1,0,1,1,0,0,1,1,1,0,0,0,0,0,1,0,0,1,1,0,0,RND_127,466.6875,0
0,1,1,0,0,0,1,1,0,1,0,0,0,0,1,1,1,0,1,0,1,1,1,1,1,0,0,0,0,0,1,0,0,1,1,0,0,1,1,1,1,0,0,1,0,0,1,0,1,1,0,0,0,0,0,0,0,1,1,0,0,0,0,0,RND_128,495.8125,0
0,1,0,0,0,1,1,0,1,0,0,1,0,1,1,0,1,1,1,0,0,0,0,0,0,0,1,0,0,0,1,1,0,1,0,1,1,1,0,1,1,0,1,1,0,0,0,1,0,1,0,1,0,1,1,1,0,0,0,1,0,0,1,0,RND_129,472.875,0
1,0,1,1,1,0,0,1,0,0,1,0,1,0,0,0,1,1,0,1,1,1,0,0,0,1,1,0,1,1,1,0,1,0,0,0,0,1,1,0,1,0,1,1,0,1,1,1,1,1,1,0,1,0,1,1,1,0,0,0,0,0,0,0,RND_130,489.9375,0
0,1,1,0,1,0,1,1,0,1,0,0,0,1,1,0,0,1,0,0,0,0,1,0,1,0,1,1,1,0,1,0,1,0,0,1,1,1,1,1,0,0,1,0,1,0,1,1,0,1,0,1,1,1,1,0,0,1,0,1,1,0,0,1,RND_131,501.125,0
1,0,0,0,1,0,1,0,0,1,0,1,1,1,1,1,1,0,1,0,1,1,0,0,1,1,0,1,0,0,0,1,0,0,1,1,1,0,0,0,1,1,0,1,1,1,0,1,1,1,0,0,0,0,0,0,1,0,0,0,1,1,0,1,RND_132,454.875,0
1,1,1,1,0,1,0,0,0,0,1,0,1,0,1,0,1,0,0,0,0,0,0,0,1,0,1,0,0,1,0,0,0,0,1,1,1,0,0,1,1,1,0,1,0,1,0,1,1,1,1,1,0,1,0,0,0,0,0,1,0,1,1,1,RND_133,428.875,0
0,1,0,1,1,1,1,1,0,0,0,0,1,1,1,1,0,1,0,1,0,0,0,0,0,0,0,1,0,0,1,1,1,0,0,0,0,0,1,1,1,1,1,0,1,0,1,1,0,0,1,0,1,0,0,0,1,1,0,0,1,1,1,1,RND_134,473.25,0
1,0,0,0,0,0,0,1,1,1,0,1,1,0,0,0,0,0,1,0,0,1,0,1,0,0,0,0,0,1,1,1,0,1,0,1,1,1,0,0,1,0,1,0,1,0,0,1,1,0,1,0,1,1,0,1,0,1,0,1,1,0,1,0,RND_135,518.0,1
1,0,1,0,0,0,1,0,1,0,1,0,0,1,0,0,0,0,1,0,1,1,0,0,0,0,1,1,0,0,0,0,0,0,0,1,0,0,0,0,1,0,0,0,1,1,0,1,1,1,0,0,0,1,0,0,0,0,1,0,1,0,0,0,RND_136,455.375,0
0,0,1,1,0,1,1,0,1,0,1,0,0,0,0,1,1,0,1,0,1,0,0,0,0,1,1,0,1,0,1,1,1,0,1,1,1,1,0,0,0,0,1,0,1,1,1,0,0,1,1,0,0,1,0,0,1,1,1,1,1,1,1,1,RND_137,510.6875,1
0,0,1,1,1,1,0,1,0,1,0,0,0,1,0,0,0,1,1,0,0,0,1,1,0,1,1,0,1,0,0,0,0,0,0,0,1,0,1,1,0,0,0,1,0,0,0,1,0,0,0,0,0,1,0,0,1,0,1,1,1,1,1,0,RND_138,472.1875,0
1,0,0,0,0,0,0,0,1,1,1,1,1,0,1,0,1,0,1,0,0,1,0,0,1,0,0,1,1,1,1,1,0,0,1,1,0,1,0,0,0,1,1,0,0,1,0,0,0,0,0,1,0,0,0,0,1,0,0,1,0,0,1,0,RND_139,543.75,1
1,0,1,1,1,0,1,1,1,0,0,1,1,0,0,0,1,1,0,1,0,0,1,0,0,0,0,0,0,1,1,0,1,1,1,1,0,1,0,0,0,0,1,0,0,0,1,0,1,0,1,1,0,1,0,0,1,1,1,0,0,0,1,1,RND_140,409.8125,0
1,1,1,0,0,1,0,1,1,1,1,0,1,1,1,1,0,1,1,1,0,0,0,0,0,0,1,1,0,1,0,0,1,1,0,1,1,1,1,0,0,0,0,1,1,0,1,1,0,1,1,1,0,1,0,1,1,0,0,1,0,0,1,0,RND_141,439.1875,0
1,0,1,1,1,0,0,0,0,1,1,1,0,0,0,0,1,1,0,1,1,1,0,1,0,0,0,1,1,1,0,0,1,1,1,1,0,1,1,1,0,0,0,0,1,1,0,0,1,0,1,1,0,1,1,0,1,0,1,0,0,0,0,1,RND_142,474.875,0
0,1,0,1,0,0,0,1,1,0,1,1,0,1,1,1,1,1,1,1,1,0,0,1,1,1,0,0,1,1,1,1,1,0,0,0,0,0,1,0,1,0,1,0,1,1,0,0,1,1,0,0,1,0,1,1,1,1,0,1,0,1,1,1,RND_143,525.6875,1
1,1,0,0,1,0,0,0,0,1,1,1,0,1,0,1,0,1,0,1,0,1,0,1,1,0,1,0,0,0,0,1,1,0,1,0,0,0,0,1,0,0,0,0,1,0,0,1,1,0,0,0,1,0,0,1,1,0,1,0,0,0,0,0,RND_144,474.25,0
1,0,0,0,1,1,0,0,0,1,1,0,1,0,1,0,1,0,1,0,0,1,1,1,1,0,0,1,0,0,0,0,1,1,1,0,0,1,0,0,0,0,0,0,1,0,0,0,1,0,0,0,0,1,1,1,0,0,1,1,1,1,1,1,RND_145,463.8125,0
0,1,0,0,1,1,0,1,0,0,1,1,1,1,1,1,0,1,1,0,1,1,0,1,0,0,1,1,1,1,1,0,0,0,1,1,0,1,0,0,0,1,1,0,1,0,0,1,0,1,0,1,1,0,0,1,1,0,0,0,1,0,1,1,RND_146,479.1875,0
1,1,0,0,0,1,1,0,1,1,0,0,1,0,1,1,0,0,1,0,0,1,1,0,1,0,0,1,0,0,1,0,1,1,1,1,1,1,0,1,1,0,1,1,1,1,0,1,0,0,0,0,0,0,0,1,1,0,0,0,0,1,0,0,RND_147,457.5625,0
1,0,0,0,1,0,1,1,1,1,0,0,1,0,0,1,0,1,1,0,0,1,1,1,1,1,0,0,1,1,0,1,0,0,0,0,1,0,0,0,0,1,1,0,1,0,1,0,1,1,1,0,0,0,0,1,1,1,0,1,0,0,1,1,RND_148,482.0,0
0,1,0,0,1,0,0,0,0,1,0,1,0,1,1,1,1,0,0,1,1,0,0,1,1,1,0,1,1,1,0,0,1,1,0,1,0,1,0,1,1,1,0,0,0,0,0,0,0,0,1,0,0,0,1,0,1,1,1,0,0,1,1,0,RND_149,484.5625,0
0,0,1,1,1,0,0,0,1,1,0,0,1,0,0,0,1,1,0,0,1,1,1,0,0,1,0,0,0,1,1,0,1,0,1,0,0,0,1,0,0,0,0,0,1,1,1,1,1,1,1,1,1,1,0,1,1,1,1,0,1,0,0,1,RND_150,521.375,1
0,0,1,1,0,0,1,1,0,0,0,1,0,1,1,0,1,1,1,1,1,1,1,0,0,1,0,1,1,1,1,0,0,1,0,1,0,1,0,1,1,1,0,1,0,1,0,0,1,0,0,1,1,0,1,1,0,0,1,0,1,1,0,0,RND_151,514.6875,1
1,0,0,1,0,1,0,0,1,1,0,1,1,1,0,1,1,1,0,1,1,0,0,1,0,1,0,1,1,0,1,1,0,1,1,0,0,1,1,1,1,1,1,1,1,1,1,0,0,1,0,0,1,0,1,0,1,0,1,0,1,0,1,1,RND_152,577.5625,1
0,0,0,1,0,1,0,1,1,1,0,0,0,0,0,1,0,0,0,1,1,0,1,0,0,0,0,0,0,0,0,0,0,1,0,1,1,0,0,1,1,1,0,0,1,1,0,1,0,0,0,0,0,0,0,1,1,1,1,0,1,1,1,1,RND_153,459.875,0
1,0,1,1,1,0,0,1,1,0,1,0,1,0,1,0,1,0,1,1,1,0,0,1,0,1,1,0,0,0,1,1,1,0,1,1,1,0,1,1,1,0,1,0,1,1,1,0,0,0,0,0,0,0,1,1,1,0,0,0,0,1,1,0,RND_154,508.875,0
0,1,0,0,0,1,1,0,0,1,0,1,1,0,0,0,1,1,1,1,0,0,0,1,0,0,0,0,0,0,0,0,1,1,0,1,0,1,0,0,1,1,1,0,0,1,1,1,0,0,0,1,0,0,1,0,0,1,0,0,1,1,1,1,RND_155,474.5625,0
0,0,1,0,0,1,1,0,0,1,1,0,0,1,1,1,0,1,0,0,0,1,0,0,1,0,0,1,0,1,0,1,0,1,0,0,0,1,0,1,1,1,1,0,0,0,0,0,1,0,1,0,1,1,0,1,1,0,0,1,0,1,1,0,RND_156,526.875,1
1,1,0,0,0,0,0,0,1,0,0,0,0,0,0,0,1,0,1,0,1,1,0,1,0,1,1,0,0,0,1,0,1,1,0,1,1,1,1,0,1,1,0,0,1,1,1,1,0,0,0,0,1,0,0,1,0,0,0,1,1,0,0,1,RND_157,463.4375,0
0,1,1,1,1,0,0,1,1,1,0,1,1,1,0,0,0,1,0,1,0,1,0,1,0,1,1,0,0,1,1,1,0,0,1,1,1,1,1,0,1,1,0,0,0,1,1,0,0,1,1,1,0,1,1,1,1,0,0,1,1,1,0,1,RND_158,538.5625,1
1,0,1,0,1,0,1,1,0,1,0,0,1,1,0,1,0,1,1,1,1,0,0,0,0,0,0,0,0,0,1,1,0,0,0,1,1,0,1,0,0,1,0,0,1,0,0,0,0,1,1,1,0,1,1,0,0,1,1,1,1,1,1,1,RND_159,472.0625,0
0,0,1,0,1,0,0,0,0,1,1,0,1,0,0,1,0,0,0,1,0,0,1,1,1,1,0,1,0,1,0,1,0,1,1,0,0,1,1,1,0,1,0,1,1,0,1,1,0,0,0,1,0,1,1,1,1,0,0,1,1,0,1,0,RND_160,464.6875,0
0,1,0,0,0,1,1,1,0,0,0,1,0,0,0,0,1,1,1,0,1,0,1,0,1,1,0,0,0,1,1,1,1,1,1,1,0,0,0,0,0,1,1,1,1,1,0,1,0,0,1,1,1,0,1,1,1,1,1,0,0,0,0,1,RND_161,510.9375,1
1,1,0,1,1,0,0,1,1,1,1,0,0,1,1,0,0,1,0,0,0,0,0,0,0,0,1,0,1,0,1,1,1,0,1,1,0,0,1,1,1,1,0,0,1,0,1,0,0,0,1,0,1,1,1,0,1,0,1,0,1,0,0,0,RND_162,428.5,0
0,0,1,0,0,1,1,0,1,0,1,1,0,0,0,0,0,1,0,1,0,0,0,1,1,1,0,1,1,0,1,0,1,1,1,1,1,1,1,0,0,0,1,1,1,1,0,1,0,0,1,1,0,1,1,0,1,1,1,0,0,1,1,0,RND_163,525.5,1
1,0,1,1,1,1,1,1,1,1,1,0,1,1,0,1,0,1,1,1,0,0,0,0,1,0,0,0,1,0,1,1,0,0,0,1,0,0,1,0,1,0,1,1,1,0,0,0,0,0,0,1,1,0,0,1,1,0,0,0,0,1,0,1,RND_164,469.625,0
1,0,1,0,0,0,1,0,0,0,0,1,0,1,1,1,0,1,1,1,0,0,1,1,1,1,1,0,0,1,1,1,1,0,1,0,1,1,1,0,1,0,0,1,0,1,1,1,0,1,1,0,0,0,0,0,1,0,0,0,1,1,0,0,RND_165,471.25,0
1,1,1,1,1,0,0,1,1,0,1,0,1,1,1,0,1,1,1,0,0,1,0,1,0,0,0,0,0,0,1,0,0,1,1,0,1,0,1,1,0,1,0,1,1,1,1,1,0,0,1,0,1,1,1,1,0,1,0,0,1,0,1,1,RND_166,455.375,0
0,0,1,0,0,1,0,0,0,1,1,0,0,1,0,0,1,0,1,0,0,1,1,1,1,1,1,1,0,0,0,0,0,1,0,1,0,0,1,1,1,1,0,0,0,0,0,0,0,0,0,1,0,1,0,0,0,1,1,1,1,1,0,0,RND_167,467.75,0
1,1,1,1,1,1,1,0,0,0,1,0,1,1,1,1,0,1,1,0,0,1,1,1,1,0,0,1,1,0,0,0,1,1,0,0,1,1,0,1,1,0,1,0,1,1,1,0,1,1,0,0,1,1,1,0,1,0,0,1,0,0,0,0,RND_168,524.125,1
0,1,0,0,1,0,1,0,1,0,0,1,1,0,1,0,1,1,0,0,0,0,1,0,0,1,0,1,0,1,0,0,1,1,1,0,1,1,0,1,0,0,0,0,0,0,1,0,0,0,0,1,1,0,0,1,0,0,1,0,1,1,0,1,RND_169,506.4375,0
0,1,1,0,0,1,0,0,1,1,1,1,0,1,1,1,1,1,0,0,1,0,0,1,1,1,0,1,1,0,0,1,0,1,1,0,0,0,1,0,1,1,1,1,0,1,0,1,0,0,1,1,1,1,0,0,1,1,0,1,0,0,1,1,RND_170,494.375,0
1,1,1,0,1,1,1,1,1,1,0,0,0,1,1,1,1,0,0,0,1,0,0,0,1,0,0,1,0,1,1,1,0,1,0,0,0,0,1,1,0,0,0,0,1,0,0,0,1,0,1,0,1,0,1,1,0,1,1,1,0,0,1,0,RND_171,395.0625,0
1,0,1,1,1,1,1,0,1,1,0,0,0,0,1,1,1,0,1,0,0,0,1,0,0,0,1,1,0,1,1,0,1,0,1,1,1,1,0,1,1,0,0,1,0,1,0,1,0,1,0,0,1,0,1,1,0,1,1,1,0,1,1,1,RND_172,473.75,0
0,1,1,1,1,1,0,0,1,1,0,0,0,1,1,0,1,1,0,1,1,0,0,1,1,1,0,1,1,1,1,1,0,1,0,1,1,1,0,1,1,1,0,0,1,0,1,0,0,0,0,0,0,1,1,1,1,1,0,1,0,0,1,1,RND_173,506.6875,0
0,0,0,1,0,1,1,1,1,0,0,1,0,1,0,0,1,1,0,0,1,1,0,1,1,0,1,0,1,0,1,1,0,1,0,0,1,0,1,1,1,1,0,0,0,0,1,0,0,1,1,1,1,1,1,0,1,1,1,1,1,0,1,1,RND_174,496.5,0
0,0,1,1,1,0,0,1,1,0,0,1,1,1,1,1,1,0,0,0,1,1,1,0,1,1,0,1,0,1,0,0,1,0,0,0,1,0,0,1,1,1,0,1,1,1,1,0,1,1,0,1,1,1,1,1,0,0,1,1,0,1,1,0,RND_175,453.1875,0
0,1,1,1,1,0,0,0,0,0,1,0,1,0,0,1,0,1,0,1,0,0,1,1,0,0,1,0,1,0,1,0,0,0,1,1,0,1,0,0,1,0,1,0,0,1,0,0,0,1,1,1,0,1,1,0,0,1,1,0,1,1,0,1,RND_176,519.25,1
1,1,1,0,0,0,1,0,0,1,1,1,0,0,1,0,1,0,1,0,1,1,0,1,1,1,1,1,1,1,1,0,0,0,1,0,0,1,1,1,1,0,1,1,1,1,0,0,0,1,1,1,0,0,0,1,0,0,1,1,1,1,0,1,RND_177,523.3125,1
0,1,1,1,1,0,1,0,1,1,0,0,1,0,1,0,0,0,1,0,0,1,1,1,0,0,0,1,0,1,0,1,0,1,0,0,1,0,0,1,0,0,0,1,0,0,1,1,0,0,0,0,1,0,0,0,0,1,1,0,0,1,0,0,RND_178,506.625,0
1,0,1,0,1,0,0,0,1,1,0,1,0,1,0,1,0,1,1,1,1,0,1,1,1,1,1,0,1,1,1,1,0,0,1,0,1,1,1,0,0,0,1,1,0,1,1,0,0,0,0,0,1,1,1,1,0,1,0,0,1,0,0,1,RND_179,409.875,0
0,0,0,1,1,1,1,0,1,1,1,1,0,1,1,1,1,1,1,1,1,1,0,1,0,1,1,0,1,1,0,0,0,1,1,1,0,1,1,1,1,0,0,1,1,0,0,0,0,1,1,1,0,1,1,0,1,1,0,0,0,1,1,1,RND_180,495.875,0
1,1,0,1,0,0,1,1,0,0,1,0,0,1,0,1,1,1,0,0,0,1,1,1,0,0,1,1,0,1,1,1,0,1,1,0,0,0,1,1,1,1,0,0,1,0,1,0,1,1,1,1,0,0,0,0,0,0,1,0,0,1,1,1,RND_181,487.5,0
1,0,1,0,0,1,1,1,0,1,1,0,1,0,0,0,1,1,0,1,0,1,1,0,1,0,0,0,0,1,0,0,0,0,0,1,0,1,1,0,0,0,1,0,1,1,0,0,1,0,0,1,0,1,0,1,0,1,0,1,1,1,0,0,RND_182,525.4375,1
1,0,0,0,0,0,0,0,1,1,1,1,0,0,0,1,1,1,0,1,0,0,1,1,1,0,1,1,1,0,1,1,0,0,1,1,0,1,1,0,0,0,0,0,0,0,0,1,0,0,0,1,1,1,0,1,0,0,0,0,1,0,0,0,RND_183,437.6875,0
1,0,1,1,1,1,1,0,0,1,0,1,0,0,1,0,1,0,0,0,0,1,0,0,1,0,0,1,1,1,1,0,0,1,1,1,1,0,1,1,0,1,1,0,0,0,0,0,0,0,0,1,1,0,0,0,1,0,1,1,1,1,0,1,RND_184,454.5,0
1,1,0,0,1,0,0,0,0,0,0,0,0,1,1,0,1,1,1,0,1,1,0,1,1,1,0,1,1,1,0,1,1,1,1,0,1,1,0,1,1,0,0,0,0,1,0,0,1,0,1,1,1,1,0,0,1,0,0,0,0,0,1,0,RND_185,458.0,0
0,1,0,0,1,0,0,0,0,0,1,0,1,0,1,1,1,1,1,1,1,0,1,0,0,1,1,0,0,0,1,0,0,1,0,0,1,0,1,1,0,0,1,0,0,1,0,1,0,0,0,1,0,1,1,0,0,1,0,1,0,1,1,0,RND_186,491.1875,0
1,0,0,1,1,0,1,1,0,1,1,0,1,1,0,0,0,1,0,1,1,1,0,0,1,1,1,1,1,1,1,0,0,0,1,0,1,0,1,1,0,1,1,1,0,0,0,0,0,0,1,1,1,0,1,1,1,0,1,1,0,0,0,0,RND_187,480.0625,0
1,0,1,1,0,1,1,1,1,1,0,1,1,0,1,1,1,0,0,1,1,1,0,1,0,1,1,0,1,1,0,0,1,1,1,0,1,0,1,1,1,1,1,1,0,0,1,0,0,0,1,1,0,1,0,0,0,0,1,1,0,1,1,1,RND_188,519.3125,1
0,1,0,1,0,1,0,1,0,0,0,1,0,1,0,0,0,0,1,0,0,0,1,0,0,1,1,1,0,1,0,1,1,1,1,1,1,1,1,0,1,1,0,0,1,0,0,0,1,1,0,0,1,0,1,1,0,1,1,1,1,0,0,0,RND_189,511.4375,1
1,0,1,1,0,0,1,0,1,1,0,1,1,0,1,0,1,1,1,1,0,1,0,1,0,0,1,0,0,0,1,0,0,0,0,0,0,1,0,1,0,0,1,1,1,1,1,0,1,0,0,1,1,0,1,1,1,0,0,1,1,0,0,1,RND_190,450.8125,0
0,1,1,0,1,0,0,0,1,0,0,0,0,0,1,1,1,0,1,0,0,0,1,0,0,1,0,0,1,0,1,0,0,1,0,0,0,1,1,0,1,0,0,0,1,0,0,1,1,1,1,0,0,1,0,1,0,0,1,0,1,0,1,0,RND_191,481.375,0
1,0,0,1,1,0,1,1,0,1,0,1,1,1,1,1,0,1,0,1,0,1,1,1,1,1,1,0,0,0,0,1,0,1,0,0,0,1,1,0,1,0,1,0,1,0,0,0,1,0,0,1,0,0,1,0,0,0,1,0,0,1,0,0,RND_192,456.8125,0
1,0,1,0,1,1,0,0,0,0,1,1,1,0,1,1,0,1,1,1,1,0,1,1,0,1,0,1,0,0,0,0,0,0,1,0,0,1,0,1,1,1,1,1,1,0,0,1,0,0,1,0,0,0,1,1,0,0,0,0,1,0,0,0,RND_193,493.875,0
0,1,1,1,0,1,0,0,0,1,0,0,0,1,1,0,1,1,0,0,1,1,0,1,0,0,0,0,1,1,0,1,0,0,1,0,0,1,0,0,0,1,0,0,1,1,0,0,0,0,0,1,0,0,1,0,0,0,0,0,1,1,1,1,RND_194,480.3125,0
1,0,1,1,1,1,1,0,1,1,0,0,1,0,1,1,0,1,0,1,1,0,0,1,1,0,1,0,1,0,1,1,1,1,1,1,1,1,1,1,1,1,0,0,0,0,0,0,1,1,1,1,1,0,1,0,1,0,1,1,1,0,0,0,RND_195,480.8125,0
1,0,1,1,0,1,0,0,1,0,1,0,1,0,0,1,1,1,0,0,1,1,0,0,0,0,0,0,0,1,0,1,1,0,0,0,1,0,1,1,1,1,1,0,1,1,0,0,0,0,1,0,1,0,1,1,0,0,0,1,0,0,0,1,RND_196,566.875,1
1,1,1,0,0,1,1,0,1,0,1,1,1,0,1,0,0,0,1,1,0,0,0,1,1,0,1,1,0,1,0,1,1,0,1,0,1,1,0,0,0,1,1,1,1,1,0,1,1,0,1,0,0,0,0,1,1,0,1,1,1,0,1,1,RND_197,388.5625,0
1,1,1,1,1,0,1,1,0,1,1,1,0,1,0,1,0,0,0,0,0,0,0,1,0,0,0,0,0,0,0,1,0,0,1,1,0,0,0,0,0,0,0,0,0,0,1,0,0,0,0,1,1,0,1,0,1,0,1,1,0,1,0,0,RND_198,393.0625,0
0,0,0,1,0,0,0,0,0,0,1,0,0,1,1,1,1,0,1,1,1,0,0,1,1,0,0,0,0,1,1,0,1,0,1,0,0,1,1,0,1,1,1,1,1,1,1,1,1,1,0,0,0,0,1,1,1,1,1,1,1,1,1,0,RND_199,557.4375,1
0,1,1,0,0,1,1,0,1,1,0,1,0,0,0,0,0,0,1,1,0,1,1,0,0,1,1,0,1,1,0,0,1,1,1,1,0,1,0,1,0,0,1,1,1,0,0,1,0,1,1,0,1,0,1,1,1,0,0,1,1,1,0,1,RND_200,510.625,1
1,0,0,1,1,1,0,0,1,0,1,1,1,1,1,0,0,1,0,0,0,1,1,0,1,0,1,0,1,0,1,1,1,0,1,1,0,1,0,1,0,1,0,0,0,1,1,1,0,1,1,1,1,0,0,0,1,0,0,1,0,1,1,0,RND_201,480.5625,0
1,1,0,0,1,0,0,1,0,1,1,0,1,1,0,1,1,0,1,1,1,0,1,1,0,0,1,0,0,0,1,1,1,0,1,1,0,1,1,1,0,1,0,1,1,0,0,0,1,0,0,0,0,0,0,0,0,1,1,1,0,1,1,0,RND_202,448.125,0
1,1,0,1,1,0,0,0,1,0,0,1,0,0,0,0,0,0,1,0,0,0,0,0,0,1,1,1,1,0,1,1,0,1,0,0,0,0,0,0,1,0,1,0,1,0,1,0,0,0,1,1,1,1,0,0,1,1,0,1,1,1,0,1,RND_203,439.0625,0
1,0,1,1,0,0,0,0,1,0,0,0,1,0,1,1,1,0,0,1,0,0,1,0,0,0,1,0,1,1,1,1,1,0,1,1,1,0,0,0,0,0,0,0,1,0,1,1,1,0,0,0,1,0,0,1,1,0,1,1,0,1,0,0,RND_204,467.875,0
1,0,1,1,0,0,0,1,0,0,0,0,0,1,1,1,0,1,0,0,0,0,1,1,0,0,1,1,1,1,0,0,0,0,1,1,1,0,1,0,1,0,0,1,0,0,1,1,0,0,1,1,0,1,1,1,0,1,1,0,1,1,1,0,RND_205,451.375,0
1,1,1,1,1,0,1,1,1,1,0,1,0,1,1,1,1,0,0,1,0,1,0,0,0,1,0,1,0,0,0,0,1,0,0,1,1,0,1,1,1,1,0,1,1,0,0,1,0,0,0,0,1,0,0,1,0,1,1,0,0,0,0,0,RND_206,476.0,0
0,1,0,0,0,0,0,1,1,0,1,1,1,0,1,1,1,1,0,1,1,1,0,1,0,1,1,1,0,1,1,1,0,1,1,1,0,1,0,1,0,1,1,0,0,0,0,1,1,1,0,1,0,1,1,1,0,1,0,0,0,0,1,0,RND_207,499.75,0
0,1,1,1,0,1,0,1,0,1,1,0,0,1,1,1,0,0,0,0,1,1,0,0,1,0,1,0,1,0,0,1,1,0,1,0,0,0,0,0,0,1,1,1,1,0,1,0,1,1,0,1,1,1,0,0,0,1,1,1,1,0,0,0,RND_208,512.875,1
0,0,0,0,0,1,1,1,1,0,0,1,0,0,0,0,0,1,0,1,0,1,0,0,0,1,0,1,0,1,0,1,0,0,1,1,1,0,0,0,1,0,0,0,0,0,1,0,0,0,1,1,0,1,1,0,1,0,1,1,0,0,1,1,RND_209,508.0,0
1,0,0,1,1,0,0,1,1,0,1,0,1,0,0,0,0,1,1,1,1,1,1,1,1,1,1,1,1,0,1,1,0,1,1,0,1,1,1,1,0,1,1,0,0,1,1,0,1,1,1,1,1,0,0,1,0,1,1,0,1,0,0,1,RND_210,506.375,0
0,0,1,0,1,1,0,1,1,1,1,1,0,1,0,1,0,1,1,0,0,0,1,1,1,1,1,0,1,0,1,1,0,1,1,1,1,0,0,0,0,1,0,0,0,1,0,1,0,0,1,0,0,0,0,0,1,1,1,1,0,0,0,1,RND_211,473.0,0
1,0,0,0,1,0,0,1,0,0,0,0,1,1,0,0,0,1,0,0,1,0,0,0,1,0,0,0,1,1,1,1,0,0,0,0,1,1,1,0,1,1,0,1,0,1,1,1,1,0,1,1,1,0,1,0,0,1,0,1,0,0,1,1,RND_212,451.5,0
1,1,0,1,0,1,1,0,0,0,1,0,1,1,1,1,0,1,1,1,1,0,1,1,1,0,1,1,1,1,0,0,0,0,0,1,1,0,0,0,0,0,0,1,0,1,1,0,1,0,1,1,0,0,1,1,0,0,0,0,0,0,1,1,RND_213,440.1875,0
1,0,0,0,0,0,0,0,1,0,0,1,1,0,0,0,0,0,1,0,1,0,0,1,0,0,0,1,0,0,0,1,1,1,0,1,0,0,0,0,0,0,1,0,0,1,1,1,1,1,1,1,1,1,1,0,1,0,0,0,0,1,1,0,RND_214,427.0,0
1,1,1,1,1,0,1,1,0,0,0,1,0,1,0,1,1,0,0,0,0,1,1,1,1,1,1,1,0,1,0,1,0,0,0,0,1,1,0,1,1,1,1,0,1,1,1,0,1,0,1,1,0,1,0,0,0,0,1,0,0,0,1,0,RND_215,459.5,0
1,1,1,1,1,1,1,1,0,0,1,1,1,0,0,0,1,1,1,1,0,0,0,0,1,1,1,0,0,0,1,0,0,0,1,0,1,0,1,1,0,0,0,0,0,1,1,0,0,1,0,1,0,0,1,1,1,1,1,1,1,0,1,0,RND_216,451.125,0
0,0,1,1,1,1,1,1,1,0,1,1,0,0,0,0,0,1,0,0,1,1,1,1,1,1,0,0,0,1,0,1,0,1,1,1,0,1,1,0,1,1,0,1,0,1,1,1,0,1,1,0,1,0,0,1,0,1,1,0,0,0,0,0,RND_217,489.625,0
0,1,1,0,0,0,0,1,0,0,0,1,1,1,0,0,0,1,1,0,0,0,0,0,0,0,1,1,0,1,1,0,1,0,0,1,1,0,0,1,0,1,0,1,1,0,1,1,1,1,1,1,1,0,1,1,0,0,1,0,0,0,0,0,RND_218,477.125,0
0,0,0,1,0,0,0,1,1,1,0,1,1,1,0,1,0,1,0,1,0,1,0,1,0,0,0,1,1,0,1,1,1,1,1,0,1,1,1,0,0,0,1,1,0,1,1,0,0,0,0,1,1,0,0,1,0,0,1,1,1,1,0,0,RND_219,511.625,1
1,0,0,0,1,1,1,0,1,0,1,1,1,0,1,1,0,1,0,1,1,1,0,1,0,1,1,1,0,0,1,1,1,0,0,0,0,1,0,1,0,1,0,0,1,1,0,1,0,1,0,1,0,0,1,1,0,0,0,1,0,1,0,1,RND_220,455.25,0
0,0,0,1,0,1,1,1,0,1,0,0,1,0,1,1,0,0,0,0,0,0,0,1,0,0,1,1,0,1,0,1,1,0,1,0,1,0,1,0,1,0,0,0,0,0,1,0,0,1,1,0,1,1,1,0,1,0,0,0,1,0,0,1,RND_221,490.0625,0
1,1,1,1,0,0,0,1,0,0,1,0,1,1,1,0,1,1,0,0,0,0,0,1,1,1,0,0,1,0,1,1,1,0,0,0,1,0,1,1,0,1,1,1,0,1,0,1,1,1,1,0,0,1,1,0,0,0,0,1,0,0,1,1,RND_222,503.625,0
1,0,0,0,0,0,0,1,1,0,1,1,0,1,0,1,1,0,1,1,0,0,0,0,0,0,1,0,1,1,1,0,1,0,0,0,1,0,0,0,0,1,0,0,0,0,1,0,1,0,1,0,0,1,0,1,0,1,1,0,1,1,1,1,RND_223,386.0625,0
0,0,1,1,1,0,0,1,0,1,0,0,0,0,0,0,0,0,0,0,1,0,0,1,0,0,0,0,0,1,0,1,0,1,0,0,0,1,1,1,1,1,1,0,0,0,1,1,0,0,1,1,1,1,0,1,0,1,1,0,0,0,1,1,RND_224,479.8125,0
0,1,0,1,0,1,1,0,1,0,1,0,1,1,1,0,1,0,1,1,1,1,0,1,0,1,0,0,0,1,1,0,0,0,1,1,1,0,1,1,1,0,0,0,0,1,1,0,0,1,0,0,0,1,1,1,0,1,0,0,0,1,1,1,RND_225,495.0,0
1,0,1,1,0,1,1,0,0,1,0,1,1,1,0,1,1,0,1,0,0,0,0,0,1,0,0,1,1,0,0,1,0,0,0,0,1,0,0,1,0,1,0,1,1,0,0,1,0,0,0,1,0,0,1,1,0,0,1,0,1,1,0,0,RND_226,412.8125,0
0,1,0,1,1,1,1,0,0,0,0,1,0,0,0,0,0,0,0,0,0,0,1,1,0,1,0,0,0,0,0,1,1,1,0,0,0,1,1,0,0,1,0,0,1,0,0,0,0,0,0,1,0,1,0,0,1,1,1,0,0,1,1,0,RND_227,481.6875,0
1,1,1,1,0,0,0,1,1,1,1,0,0,0,0,0,0,1,1,0,0,0,0,0,0,0,0,0,0,1,0,1,1,1,0,0,0,1,1,0,0,0,0,0,1,0,1,0,1,1,0,1,1,0,0,0,0,0,0,0,1,0,0,0,RND_228,405.0,0
0,1,0,1,1,0,0,0,1,1,1,0,1,1,1,0,0,0,1,1,1,0,0,0,1,0,1,1,1,0,1,1,0,0,0,0,1,0,1,1,1,0,1,1,0,1,1,0,0,1,0,1,0,1,1,0,1,1,0,1,0,0,1,0,RND_229,499.875,0
1,0,0,1,1,1,0,0,0,0,0,1,0,0,1,1,0,0,1,1,0,1,1,0,0,1,0,0,1,1,0,0,0,0,1,1,0,1,1,1,0,0,0,1,0,1,1,0,0,1,1,0,1,0,1,1,1,0,1,1,1,0,0,1,RND_230,485.625,0
0,1,1,0,1,0,0,0,1,1,1,1,1,1,0,0,0,1,0,0,1,1,0,1,0,1,0,1,0,1,0,0,0,0,1,0,1,1,0,1,0,0,0,0,0,1,1,0,0,0,0,0,0,1,0,0,1,1,0,0,1,0,0,0,RND_231,495.5625,0
1,1,1,0,1,1,0,0,0,0,0,0,0,1,1,0,0,0,0,1,1,1,1,1,1,0,1,0,0,1,1,1,0,0,0,1,0,0,1,0,1,0,0,1,1,1,0,0,1,0,0,0,0,0,0,0,1,1,1,1,1,0,0,1,RND_232,442.8125,0
0,1,0,1,0,1,0,1,0,1,1,1,1,0,0,0,0,1,0,0,0,0,0,1,1,1,0,0,1,0,1,0,1,0,0,0,0,1,1,1,0,1,0,1,0,1,1,1,0,0,1,1,0,0,0,1,0,1,0,1,1,0,1,0,RND_233,458.25,0
1,0,0,0,1,0,0,0,1,1,0,0,1,0,1,1,0,0,1,1,0,1,1,1,1,1,0,1,0,1,1,0,0,1,0,1,0,1,0,0,0,0,0,0,1,0,1,1,0,1,0,1,0,1,0,1,1,0,1,0,0,1,0,0,RND_234,516.75,1
1,1,0,0,0,1,0,1,1,0,0,1,1,0,0,1,1,0,1,1,0,1,1,1,1,0,0,0,1,1,0,0,0,1,1,0,1,0,1,1,0,0,1,1,0,0,0,1,0,0,0,1,1,1,0,0,0,1,0,0,0,0,1,0,RND_235,440.5,0
0,0,1,0,1,0,1,0,1,0,1,1,0,0,1,1,0,0,1,0,1,1,0,1,1,1,1,1,0,0,1,0,1,1,0,0,1,0,0,1,1,1,0,0,0,1,0,1,1,0,0,0,0,1,0,0,0,1,1,0,0,1,1,0,RND_236,509.875,0
1,0,1,0,0,0,0,0,0,0,1,0,0,1,0,1,0,1,1,1,1,0,0,0,1,0,1,1,1,0,0,1,0,0,1,1,0,0,1,1,1,0,0,1,0,1,0,1,1,0,0,1,1,0,0,0,0,0,0,1,0,0,0,1,RND_237,397.625,0
1,0,1,1,1,0,1,0,0,0,0,1,1,0,1,0,1,0,1,1,1,0,1,1,0,1,1,0,1,0,0,1,0,1,0,0,0,0,0,1,1,0,0,1,1,0,1,1,0,1,1,0,0,0,0,0,1,1,1,0,1,0,1,1,RND_238,387.125,0
0,0,0,0,1,0,0,1,1,1,0,1,1,0,0,1,1,1,1,0,1,0,1,0,0,1,1,1,1,0,0,0,1,1,1,0,0,1,1,1,1,0,1,1,0,0,1,0,1,0,1,0,1,0,0,1,0,1,0,1,1,1,1,1,RND_239,460.1875,0
0,0,0,0,1,0,1,1,1,1,0,1,1,1,0,0,1,1,0,0,0,1,1,0,0,0,1,1,0,1,0,1,0,1,1,0,1,1,0,0,1,0,0,1,1,0,0,0,1,1,1,0,1,1,1,1,0,1,1,1,1,0,0,0,RND_240,530.0,1
1,0,0,0,1,1,0,0,0,1,0,1,0,0,1,0,1,1,0,1,1,1,0,1,1,0,0,0,0,1,0,1,1,0,0,1,1,1,0,0,1,0,0,1,0,0,1,0,1,1,0,1,0,0,1,0,1,1,0,0,1,1,0,0,RND_241,487.1875,0
1,1,1,0,1,1,1,1,1,1,0,0,1,1,1,1,1,1,1,1,1,0,0,1,0,0,1,1,0,0,0,0,0,0,1,1,0,0,0,0,0,0,1,1,0,0,0,1,1,1,0,0,1,0,0,1,1,1,1,1,1,0,1,0,RND_242,422.75,0
1,1,1,1,1,0,0,0,1,0,1,1,0,0,0,0,0,0,0,0,0,0,0,0,1,0,0,1,0,0,0,1,1,1,0,0,1,1,0,0,1,1,0,1,0,0,1,1,1,1,1,1,1,1,0,1,0,0,1,0,0,1,1,0,RND_243,463.4375,0
0,1,0,0,1,0,1,0,0,1,0,0,1,0,0,0,1,0,0,0,0,1,0,0,1,1,0,1,0,0,0,0,1,1,0,0,1,1,1,1,0,1,1,1,0,0,1,1,0,0,1,1,1,1,0,0,1,1,0,0,0,1,0,0,RND_244,473.0,0
0,1,0,1,1,0,0,1,1,0,0,0,0,0,0,0,1,1,0,0,0,0,0,1,1,1,1,1,0,1,1,0,0,1,0,0,0,0,1,1,0,1,0,1,0,1,0,1,0,0,0,0,0,0,1,0,0,1,0,1,1,0,0,0,RND_245,451.8125,0
0,1,1,0,0,1,0,0,0,1,0,0,0,0,0,0,0,1,1,1,0,0,0,0,0,0,1,1,0,0,0,0,0,0,1,0,1,1,0,0,0,0,1,0,1,1,1,0,0,0,1,1,0,0,1,0,0,0,1,0,1,0,1,0,RND_246,461.3125,0
1,0,0,1,1,0,0,0,1,1,1,0,0,0,1,0,1,0,0,0,1,0,0,1,0,1,1,1,1,1,1,0,0,0,1,0,0,0,0,1,0,1,0,1,0,1,0,1,1,0,0,0,1,0,1,1,0,1,0,0,0,1,0,1,RND_247,394.4375,0
1,1,0,0,0,1,0,0,0,0,0,1,1,1,1,1,1,1,0,1,1,1,1,1,1,0,0,1,1,0,0,1,1,1,0,0,0,0,0,0,0,0,0,1,0,0,1,1,1,0,1,0,1,0,0,0,1,1,0,0,0,0,1,0,RND_248,506.375,0
1,0,0,0,1,1,0,0,0,1,0,1,0,0,1,1,1,1,1,0,1,0,0,0,0,0,1,0,1,1,1,1,1,1,1,0,0,0,0,1,0,0,1,0,1,1,1,1,1,0,0,1,0,0,0,1,0,0,0,1,1,1,1,0,RND_249,401.4375,0
1,1,0,0,0,0,1,1,1,0,1,0,0,1,0,0,1,0,1,0,0,1,0,0,1,0,1,1,1,1,0,0,0,1,1,0,1,1,1,0,1,1,0,0,0,1,1,0,1,1,1,0,0,0,1,1,0,0,1,0,1,0,0,1,RND_250,489.75,0
0,1,0,0,0,1,0,1,0,0,0,1,0,0,0,1,0,0,0,1,1,0,0,0,1,0,1,0,0,1,1,1,0,0,0,1,1,0,1,1,1,0,0,0,0,1,0,1,1,1,1,0,0,0,1,0,1,1,0,0,0,1,1,0,RND_251,499.75,0
1,0,1,1,1,0,1,0,1,0,0,1,0,1,0,1,1,0,1,0,0,1,1,0,1,1,1,0,1,1,0,1,0,1,1,1,1,0,1,1,0,1,1,1,0,0,1,0,0,1,0,1,0,0,1,0,1,1,0,0,0,1,1,0,RND_252,478.1875,0
0,1,0,1,1,1,0,1,0,1,0,0,0,1,0,0,0,0,1,0,0,1,0,0,0,1,1,0,1,0,0,0,1,1,0,1,1,0,0,1,1,1,1,0,1,0,0,1,1,0,0,1,1,0,1,1,0,1,1,0,0,1,0,0,RND_253,512.5,1
1,1,0,0,1,0,1,1,1,0,0,1,0,1,1,1,1,0,1,1,1,1,1,0,1,1,1,1,0,0,0,0,0,0,1,1,0,1,0,1,0,0,1,0,1,0,0,1,0,1,1,0,1,0,0,1,1,1,0,1,1,0,0,0,RND_254,489.5625,0
1,0,1,1,0,0,1,1,1,1,1,1,1,1,0,1,1,1,0,0,1,1,1,1,1,1,1,0,1,1,1,0,0,0,1,0,0,1,1,1,1,0,0,1,1,1,0,0,1,1,1,0,0,0,1,0,0,0,0,0,1,0,1,1,RND_255,512.625,1
1,1,1,1,0,1,0,1,0,0,0,0,1,0,0,1,1,1,0,0,0,0,1,1,1,1,0,0,0,0,1,1,0,1,1,0,1,1,0,1,0,0,0,0,0,0,1,0,1,1,0,1,1,1,0,1,1,0,1,1,0,1,0,0,RND_256,456.375,0
0,1,1,1,1,0,0,1,1,1,1,1,1,1,0,0,0,0,0,0,0,1,1,1,0,1,1,1,0,0,1,0,1,0,0,0,1,0,0,1,1,0,0,0,1,0,0,1,1,0,0,1,0,1,0,1,0,1,0,1,0,0,0,0,RND_257,502.1875,0
1,1,1,1,0,1,1,0,1,1,1,1,1,1,1,0,0,1,0,1,0,1,0,0,1,0,0,0,1,1,1,1,0,0,1,1,1,0,1,0,1,1,0,1,1,0,0,0,1,1,0,1,0,0,0,1,0,0,0,0,0,0,1,0,RND_258,496.4375,0
1,0,0,0,0,0,0,0,0,0,0,0,0,0,0,0,0,0,1,1,1,1,0,0,0,1,1,0,0,0,1,0,1,1,0,1,0,0,1,1,0,0,0,1,1,1,0,0,1,1,1,1,0,0,0,0,0,1,1,0,0,1,1,1,RND_259,460.125,0
1,1,0,1,0,0,1,1,1,1,1,0,0,0,1,1,1,0,0,0,1,0,1,1,0,1,1,1,0,0,1,0,1,1,0,1,0,1,1,0,1,1,0,0,1,0,1,1,0,1,0,1,1,0,1,1,0,1,1,0,0,0,0,0,RND_260,453.0,0
0,1,1,1,0,1,0,1,0,0,1,0,0,1,1,1,1,0,1,1,1,1,0,0,1,1,1,0,0,0,0,1,0,1,0,1,1,0,0,0,1,1,0,1,0,1,1,1,0,0,1,1,1,1,0,1,1,0,0,0,0,1,1,0,RND_261,488.5,0
0,0,0,1,0,1,1,1,0,1,0,0,0,1,1,0,0,1,1,0,0,0,1,0,0,1,1,0,0,0,1,0,1,1,0,1,0,0,1,0,0,0,1,0,0,1,0,0,1,0,1,0,0,1,0,1,0,0,0,0,0,1,0,1,RND_262,463.875,0
1,0,0,1,1,0,1,1,1,0,0,1,1,0,1,1,0,1,1,1,0,1,0,0,1,0,1,0,0,0,0,1,1,0,0,1,1,0,0,0,1,1,0,1,1,1,0,1,0,1,0,1,1,1,0,1,1,0,0,1,1,0,1,0,RND_263,485.8125,0
1,0,1,1,1,0,0,1,1,0,1,1,1,0,1,1,1,1,1,0,1,1,0,0,0,0,0,1,1,0,0,1,1,0,0,0,0,0,0,1,1,0,0,0,1,1,1,1,0,0,0,0,1,1,0,1,1,0,0,0,0,0,0,1,RND_264,446.6875,0
1,1,0,0,0,1,0,0,1,0,1,0,0,1,1,1,1,0,1,1,0,1,0,1,0,0,1,0,1,1,0,0,0,0,0,1,1,0,1,0,0,0,0,1,1,0,0,0,1,0,1,0,0,1,0,0,1,0,1,1,0,1,1,0,RND_265,486.6875,0
0,1,1,0,0,0,1,1,0,0,1,1,0,0,1,1,1,1,0,0,1,1,0,0,0,1,1,1,0,0,0,1,1,1,1,0,1,1,0,0,0,1,0,0,1,0,1,1,1,0,1,0,1,0,1,1,0,0,0,0,0,0,1,1,RND_266,456.0,0
0,0,0,0,0,1,0,1,0,0,1,1,0,0,0,0,0,1,1,1,0,0,0,1,1,1,1,1,1,0,0,0,1,1,0,1,0,0,0,1,0,0,0,1,1,1,0,0,1,1,1,0,0,0,1,0,0,1,0,0,0,0,0,1,RND_267,443.1875,0
0,0,0,0,1,0,1,0,1,0,1,0,0,1,0,1,1,0,1,1,1,0,0,1,0,0,1,0,1,0,0,1,0,1,0,1,1,1,0,0,0,0,1,0,0,0,0,0,1,0,0,0,0,0,1,0,1,1,1,1,0,0,0,0,RND_268,515.0625,1
1,1,0,0,0,0,0,0,0,0,1,0,0,0,0,1,1,1,0,0,0,1,0,0,0,0,1,1,0,1,1,1,0,0,0,1,0,1,1,1,1,1,0,0,0,0,0,0,0,1,0,1,1,1,0,0,0,0,0,1,0,1,0,1,RND_269,413.1875,0
1,0,0,0,0,0,1,1,0,0,1,1,1,1,1,1,0,1,0,1,0,0,1,1,1,0,1,1,1,1,0,1,1,1,0,1,0,0,1,1,0,1,1,0,1,0,0,0,1,0,1,0,0,1,0,1,0,1,0,1,1,1,0,0,RND_270,452.0625,0
0,1,0,1,0,0,1,0,1,1,0,0,1,0,0,1,1,0,1,0,1,0,0,0,1,0,0,0,0,0,1,1,1,0,1,1,1,1,1,1,1,1,1,1,1,1,0,1,0,1,1,1,1,1,1,1,0,1,0,1,0,0,0,1,RND_271,480.75,0
1,1,0,0,1,1,0,1,0,1,0,1,1,1,1,1,1,0,0,0,0,1,1,0,0,1,0,1,0,1,0,1,0,1,0,0,0,1,0,1,1,1,0,0,1,1,0,1,0,0,0,0,0,1,1,0,0,0,0,1,1,0,1,1,RND_272,443.875,0
0,0,1,1,0,1,1,1,1,1,0,0,1,0,0,0,1,1,0,0,1,1,1,0,1,1,1,1,0,0,1,0,0,1,0,0,1,0,1,0,0,1,1,0,0,0,0,1,0,0,0,1,0,1,1,0,0,1,0,1,0,0,0,1,RND_273,490.125,0
0,1,0,0,0,0,0,1,1,1,0,1,0,0,0,1,0,1,0,1,1,0,0,0,0,0,1,0,0,0,0,1,1,1,0,1,0,0,0,1,1,0,1,0,1,1,0,0,1,0,0,1,1,0,0,0,1,0,0,0,1,0,0,1,RND_274,484.875,0
0,1,0,0,0,1,1,1,1,1,1,0,1,1,1,0,0,0,0,0,0,0,0,0,1,1,0,1,0,0,0,1,1,0,1,0,1,0,1,0,1,0,1,0,0,0,0,1,1,1,1,0,0,0,1,1,0,1,0,1,0,0,0,0,RND_275,495.1875,0
1,0,1,0,1,1,0,1,1,1,0,1,1,1,0,1,1,1,0,0,0,1,0,1,1,0,0,1,1,1,1,0,0,1,0,1,1,1,1,0,0,1,0,0,0,1,0,1,0,0,0,1,0,0,0,0,1,0,0,0,1,1,1,1,RND_276,425.375,0
1,0,1,0,0,0,1,1,1,0,0,0,0,1,1,0,1,1,1,1,1,0,0,1,0,0,0,1,1,1,0,0,1,0,0,0,0,0,0,0,0,1,0,1,1,1,1,1,1,1,1,0,0,0,0,1,1,1,1,1,1,1,1,1,RND_277,421.6875,0
1,1,1,0,1,0,1,1,1,0,1,1,0,0,1,0,1,1,0,1,0,0,1,1,1,0,1,1,0,0,1,0,1,0,1,0,0,1,1,0,0,1,1,0,0,0,1,1,0,1,1,0,0,1,1,1,1,1,1,1,1,0,1,1,RND_278,504.5625,0
1,1,0,1,1,0,1,0,1,0,0,1,1,1,1,0,1,1,1,0,0,0,0,0,1,1,0,1,0,1,0,0,0,0,0,1,0,0,0,0,1,0,1,1,1,1,0,1,1,1,1,1,0,0,0,0,0,0,1,1,1,1,1,0,RND_279,480.6875,0
0,0,0,0,0,1,0,0,0,0,1,1,1,1,1,0,1,1,1,0,1,0,0,0,1,1,1,0,1,1,1,1,0,0,0,0,1,0,0,1,0,0,1,0,0,0,0,0,1,1,1,0,1,1,0,0,0,1,0,1,1,1,0,0,RND_280,519.0625,1
1,0,1,1,0,0,0,1,1,1,0,1,1,0,0,1,0,1,0,0,0,1,0,0,0,1,1,1,1,0,1,1,0,0,0,0,0,0,0,0,0,0,1,1,0,0,0,0,0,0,0,0,1,1,1,1,0,0,1,1,1,0,1,1,RND_281,510.625,1
0,1,1,1,0,0,0,1,1,0,0,0,0,0,1,1,0,0,0,0,1,0,0,0,1,1,0,0,0,1,0,0,0,1,0,1,0,1,1,1,1,0,1,1,1,1,1,0,0,1,0,1,1,0,1,0,1,0,1,0,0,0,1,0,RND_282,436.0625,0
1,1,1,1,1,0,0,1,0,0,1,0,0,0,0,0,0,0,0,1,0,0,1,1,0,0,1,0,1,1,0,0,0,1,0,1,1,0,1,0,1,0,0,0,0,1,1,1,0,0,1,0,0,0,1,1,0,0,0,1,0,1,1,1,RND_283,369.25,0
1,0,0,0,0,0,1,1,1,1,0,1,1,1,0,1,1,0,0,0,1,1,1,0,1,0,1,1,1,0,1,1,0,0,1,1,0,1,0,1,1,1,1,0,0,1,0,0,1,0,1,1,0,0,0,0,1,0,0,1,0,0,1,1,RND_284,517.0,1
0,0,0,1,1,1,0,1,0,1,0,1,0,1,0,0,1,1,0,1,1,0,1,0,0,0,0,0,0,0,1,0,0,0,0,0,0,0,0,0,1,1,0,1,0,1,1,1,1,1,0,0,0,1,1,0,1,1,1,0,0,0,1,0,RND_285,487.0625,0
1,1,1,0,1,1,1,1,1,1,1,0,1,0,0,1,0,0,0,1,0,0,0,0,0,0,1,0,0,1,0,1,0,0,1,1,0,0,1,1,0,1,1,0,0,0,0,0,0,0,1,1,1,0,0,0,0,0,1,0,0,1,0,1,RND_286,462.9375,0
0,0,0,1,0,1,0,1,0,0,0,1,0,1,0,0,0,1,1,1,0,1,1,0,0,0,0,1,0,0,1,1,0,1,0,1,0,1,1,0,0,1,1,0,0,0,0,0,0,0,0,0,0,0,1,0,1,0,1,1,0,1,1,1,RND_287,494.125,0
1,0,0,1,1,0,0,0,1,0,0,0,1,1,1,0,1,0,1,1,0,1,1,1,0,0,0,1,1,1,1,1,0,1,0,0,1,1,0,1,0,1,1,0,1,1,0,1,1,0,0,1,1,1,0,1,1,1,0,1,1,1,0,0,RND_288,502.5625,0
1,1,1,1,1,1,1,1,0,0,1,0,1,1,0,1,1,1,0,1,0,1,1,0,1,1,1,0,0,1,0,1,0,0,0,0,1,0,1,0,1,1,1,0,0,0,1,1,1,0,0,0,0,0,1,1,1,0,1,1,0,1,1,0,RND_289,512.0,1
0,0,1,1,0,0,0,0,0,1,1,1,0,1,0,0,1,1,1,0,1,0,1,1,1,1,0,1,0,0,1,0,1,0,0,0,0,1,1,0,0,0,1,1,1,1,0,0,1,1,1,1,1,1,1,0,1,0,1,0,0,0,1,1,RND_290,519.4375,1
1,1,0,1,1,0,0,0,0,0,1,0,0,1,1,0,1,1,1,1,1,1,1,1,1,0,1,1,0,0,0,0,1,0,1,0,0,1,1,1,0,0,0,0,0,0,1,0,0,0,0,1,0,0,1,1,0,1,1,0,1,1,1,1,RND_291,488.8125,0
0,0,1,0,1,0,1,0,1,0,1,1,1,0,1,0,0,1,0,0,1,1,0,1,1,1,1,1,1,0,1,0,1,0,1,1,1,0,1,0,1,1,1,0,1,1,0,0,1,0,1,0,0,0,0,0,1,0,0,0,0,0,1,0,RND_292,531.9375,1
1,0,0,1,0,1,1,0,0,1,1,0,1,0,1,0,0,1,1,1,1,0,1,0,1,0,0,0,1,1,1,0,1,1,1,1,0,1,1,1,0,1,0,1,0,0,1,0,1,1,1,1,1,0,0,0,0,0,1,1,0,0,0,1,RND_293,443.0625,0
0,0,0,1,1,1,0,1,1,1,1,1,1,1,0,1,1,1,1,0,0,0,0,0,0,1,1,0,0,1,0,1,0,1,0,1,1,1,1,0,1,0,1,1,0,1,0,0,0,0,0,0,1,1,0,0,0,1,0,1,1,0,0,0,RND_294,496.125,0
0,1,1,0,1,1,0,1,1,0,0,1,0,1,0,1,0,1,0,0,1,0,0,0,0,0,0,0,0,1,1,0,1,1,0,0,1,0,0,1,0,0,0,1,1,0,0,1,0,1,0,1,0,1,1,0,1,1,0,1,0,0,1,1,RND_295,487.5,0
0,0,1,0,0,0,1,1,1,0,1,1,1,0,0,1,1,1,0,1,0,1,1,0,0,1,1,0,1,0,0,0,1,1,0,1,0,0,1,1,1,0,1,0,1,0,0,1,1,1,0,1,0,0,0,1,1,0,1,1,1,1,0,1,RND_296,524.125,1
0,0,0,0,0,1,0,0,1,0,1,1,0,1,0,0,1,1,1,1,0,0,1,0,0,1,0,1,1,1,1,0,0,0,1,1,1,1,1,0,0,1,1,0,1,0,1,1,0,0,1,0,0,1,1,0,0,1,0,0,1,0,1,1,RND_297,478.125,0
1,0,0,0,1,1,1,1,0,1,0,0,0,0,0,1,0,1,0,0,0,1,0,1,1,0,0,1,0,0,0,0,0,1,1,1,0,0,1,1,0,0,0,1,1,0,0,0,1,1,0,0,0,1,1,0,0,0,1,1,0,1,0,1,RND_298,441.625,0
1,1,0,0,0,1,0,1,1,0,0,1,0,1,0,0,1,0,0,0,0,0,1,1,1,0,1,0,0,1,0,0,1,1,0,0,0,0,0,1,0,1,1,0,0,1,0,1,0,0,1,1,1,1,0,0,0,1,0,0,1,0,0,1,RND_299,460.1875,0
0,1,0,0,0,1,0,0,0,0,0,1,0,1,0,1,1,0,0,0,0,1,1,1,1,0,1,0,0,0,1,0,1,1,1,0,1,0,0,0,1,1,0,0,1,0,0,1,0,0,1,0,0,1,0,0,0,1,1,1,1,0,1,0,RND_300,488.5,0
0,0,1,1,1,0,0,0,1,1,0,1,1,0,0,1,1,1,1,0,1,0,0,0,0,0,1,0,0,1,1,1,1,1,1,1,1,0,0,1,1,0,0,1,1,1,1,0,0,1,0,0,0,1,1,0,0,1,1,0,0,1,0,1,RND_301,520.8125,1
0,0,1,0,1,1,1,1,1,0,0,0,0,1,1,1,1,0,0,0,0,0,0,0,1,0,0,1,1,0,0,0,0,0,0,0,1,0,1,1,1,0,0,0,0,0,0,1,0,1,0,0,0,1,0,0,0,1,0,1,1,0,1,0,RND_302,469.125,0
1,1,0,1,1,1,1,0,0,0,0,1,0,0,1,0,0,0,1,0,0,0,1,0,1,1,1,0,1,0,0,0,1,0,0,1,0,1,0,1,1,1,0,1,1,1,1,1,1,1,1,1,0,0,0,0,0,1,0,0,0,0,0,0,RND_303,435.875,0
1,1,0,0,1,0,0,1,0,1,1,1,0,1,0,1,0,1,1,0,0,1,1,0,0,1,0,0,0,0,1,0,0,1,0,0,1,1,0,1,1,0,0,0,1,0,0,0,1,1,1,0,0,0,0,0,0,1,0,0,0,0,0,0,RND_304,448.875,0
1,0,1,0,0,0,1,1,0,1,1,1,1,0,1,1,1,0,1,0,0,1,1,0,1,1,0,0,0,1,0,0,1,1,0,1,1,0,1,0,1,1,0,1,1,0,0,1,0,0,1,0,1,1,0,1,1,1,1,1,0,0,1,0,RND_305,465.0625,0
1,1,1,1,1,1,1,0,0,0,0,1,0,0,1,0,1,1,1,0,0,0,1,1,0,1,0,1,1,1,0,0,0,0,1,1,1,1,0,1,1,0,0,1,1,1,0,0,0,1,0,0,0,1,0,0,1,0,1,0,1,1,0,0,RND_306,503.6875,0
1,1,0,1,1,1,0,1,0,0,0,0,0,0,1,1,0,1,0,0,0,0,0,1,0,1,1,0,0,1,0,0,1,0,0,0,0,0,0,0,1,0,0,0,1,0,0,0,1,1,0,0,0,1,0,1,1,0,0,1,0,1,0,1,RND_307,399.375,0
0,1,1,1,1,0,0,0,0,1,1,0,1,0,0,0,1,0,1,0,1,0,1,0,0,1,0,1,0,1,0,0,1,0,0,0,1,1,1,1,0,0,1,1,0,0,1,1,0,0,0,1,0,1,1,1,0,0,0,1,1,0,0,0,RND_308,491.5625,0
1,0,0,0,1,0,1,1,1,1,1,1,1,0,1,1,1,0,1,0,0,1,0,0,1,0,0,1,1,0,1,0,0,1,0,0,0,1,0,1,0,1,0,0,0,0,1,1,0,0,0,0,1,0,1,0,0,1,0,0,0,0,1,0,RND_309,532.4375,1
1,1,1,1,1,1,0,0,1,0,1,0,0,0,1,0,0,1,1,1,1,0,1,1,0,1,1,0,1,1,0,0,0,1,1,1,0,0,0,1,1,0,1,1,1,0,1,0,1,0,0,1,0,0,1,1,1,1,1,1,1,1,0,0,RND_310,544.5625,1
1,0,1,0,0,1,0,0,1,0,1,1,1,1,0,1,0,0,0,1,1,1,0,0,0,1,1,0,1,1,1,0,1,0,0,0,1,1,1,1,0,1,0,1,0,1,1,1,1,0,0,1,1,0,0,1,0,0,1,0,1,1,1,0,RND_311,428.5625,0
1,0,0,1,1,0,1,0,1,1,0,0,0,1,1,0,1,0,1,0,0,1,0,1,0,1,1,1,1,0,1,0,1,1,1,0,1,1,1,1,1,1,0,1,0,0,0,1,0,0,1,0,1,0,1,0,0,0,0,0,0,1,0,0,RND_312,453.25,0
0,1,1,1,1,0,1,0,1,0,0,1,0,1,0,1,1,1,0,0,1,0,0,1,0,0,0,0,0,0,1,0,0,1,0,1,1,1,0,0,1,0,0,1,1,0,0,0,1,0,1,0,1,0,0,1,0,0,0,1,1,0,1,1,RND_313,478.125,0
1,0,0,1,0,1,1,1,0,0,0,0,1,1,1,0,0,1,1,0,0,0,0,1,0,1,0,0,0,0,1,0,1,0,1,1,0,0,1,1,1,1,1,0,1,0,1,1,0,1,1,1,0,1,0,1,1,0,1,1,1,1,0,0,RND_314,526.875,1
0,0,0,0,0,0,0,0,1,1,0,0,1,1,0,0,0,0,1,0,0,0,0,0,0,0,1,0,0,0,1,1,1,0,0,0,1,1,1,0,0,1,1,0,0,0,0,0,1,0,1,0,1,0,0,0,1,0,0,0,1,1,0,0,RND_315,448.6875,0
0,1,1,1,1,0,0,0,0,0,1,1,0,0,1,1,1,1,1,0,0,0,1,0,1,0,0,1,1,0,0,0,1,1,0,0,0,1,1,0,1,0,1,1,1,1,0,1,1,1,0,0,0,1,0,1,0,0,0,0,1,1,0,1,RND_316,504.3125,0
0,0,0,0,0,1,0,1,1,0,1,0,1,0,0,0,0,1,0,0,1,1,1,0,1,1,0,1,1,0,0,0,0,1,1,0,0,0,1,1,1,0,1,1,1,0,0,0,0,1,1,0,1,0,0,1,1,1,1,1,0,1,1,0,RND_317,457.0,0
0,1,1,1,0,1,0,0,1,1,1,0,0,1,1,0,1,1,0,1,0,0,0,0,1,0,0,0,1,1,0,1,1,0,1,0,1,0,0,0,0,0,0,1,0,1,0,0,0,1,1,0,1,0,0,1,1,0,1,1,0,1,1,0,RND_318,495.9375,0
0,0,1,1,0,0,0,0,0,0,0,0,1,0,0,0,0,1,1,0,0,0,1,0,0,1,0,0,1,1,0,1,1,1,1,0,1,0,1,1,0,1,1,0,1,0,0,1,0,1,0,0,1,1,0,1,1,0,0,0,0,0,1,0,RND_319,510.375,1
0,1,1,0,1,1,0,0,0,1,1,1,1,0,0,1,0,1,1,1,1,1,1,0,1,0,1,1,0,0,1,1,0,1,1,1,0,1,0,0,1,0,0,1,0,0,0,1,0,1,1,1,1,0,1,0,0,1,1,1,1,0,1,1,RND_320,511.3125,1
1,0,0,1,1,1,0,1,0,1,0,1,1,0,0,1,1,0,0,0,1,0,1,1,1,1,0,0,1,1,0,1,0,0,0,1,0,1,1,0,1,1,1,0,1,0,1,1,1,0,1,0,1,1,0,1,1,1,1,1,1,0,1,0,RND_321,483.75,0
1,0,1,1,0,1,0,0,0,1,1,0,0,0,1,1,0,1,1,0,1,0,1,1,1,0,1,0,0,0,1,1,1,0,0,0,1,1,1,0,0,1,1,0,0,0,0,1,1,1,1,0,0,1,1,1,0,1,0,1,1,0,1,0,RND_322,465.375,0
1,0,1,1,0,1,1,0,1,0,0,0,1,0,1,1,0,1,1,0,1,1,0,0,0,0,1,0,0,1,0,0,0,0,1,0,0,1,1,0,0,1,0,1,0,1,1,1,0,1,1,0,0,0,0,0,0,1,1,0,0,1,1,1,RND_323,414.4375,0
1,0,1,0,0,1,1,0,0,1,1,0,1,0,1,0,0,0,0,1,0,1,1,0,1,1,1,0,0,1,0,0,1,1,0,0,1,0,0,1,0,0,1,0,0,1,1,0,1,0,0,0,0,0,1,0,1,0,0,1,0,1,1,1,RND_324,436.375,0
0,0,1,0,1,0,1,1,0,0,1,0,1,0,1,0,0,1,1,1,0,0,0,0,0,0,0,1,0,0,1,0,1,1,1,0,1,1,0,1,1,1,0,0,0,0,1,0,1,0,1,0,1,0,0,0,0,1,1,0,0,0,1,1,RND_325,442.875,0
1,0,0,1,1,0,0,1,0,1,1,0,1,0,1,1,0,1,1,0,1,1,1,0,0,1,1,0,0,1,1,1,0,1,1,1,1,0,0,0,0,1,0,1,1,1,1,1,0,0,1,1,1,0,0,0,1,0,1,0,0,1,0,0,RND_326,529.4375,1
1,1,1,0,1,1,0,0,1,1,0,0,0,1,1,1,1,1,1,0,1,1,0,1,0,0,1,0,0,1,0,0,1,0,0,0,0,0,1,0,0,0,0,1,1,0,1,1,0,0,1,0,0,1,0,0,1,0,0,0,1,1,0,1,RND_327,477.875,0
0,0,1,1,1,1,0,0,1,0,1,0,0,0,0,1,0,0,1,1,1,0,1,1,0,0,1,1,0,0,0,1,1,0,0,1,1,1,0,1,1,1,0,1,0,1,0,1,1,1,0,0,1,0,0,0,1,1,1,0,0,0,1,1,RND_328,491.0,0
1,0,0,0,1,1,0,0,1,0,0,0,0,1,0,0,1,0,0,1,0,0,1,0,1,1,1,1,1,0,1,1,1,0,1,1,0,0,1,0,0,1,1,1,0,0,1,0,1,0,1,0,0,1,0,1,1,1,0,1,0,0,1,0,RND_329,467.1875,0
1,1,0,0,1,1,1,1,1,1,0,0,1,0,1,1,0,0,1,0,0,0,1,1,1,0,1,0,0,0,0,0,0,0,1,1,0,0,0,1,1,1,0,1,0,0,1,1,0,1,0,1,1,1,0,0,0,1,1,0,0,0,0,1,RND_330,483.3125,0
1,1,0,0,1,1,0,1,0,0,0,0,0,1,0,0,0,0,0,1,1,0,0,1,1,1,0,1,0,1,0,0,0,0,1,0,1,1,0,0,0,1,0,1,0,1,1,1,1,1,1,1,0,0,0,0,1,0,1,1,0,1,0,1,RND_331,422.5625,0
1,1,1,1,0,1,0,0,1,1,0,1,0,0,0,1,0,1,0,0,1,1,1,0,0,1,1,0,1,0,1,0,0,1,1,0,1,0,1,0,0,0,1,1,0,0,0,0,0,0,0,0,0,0,0,1,0,0,1,1,0,0,1,1,RND_332,411.3125,0
1,1,0,0,0,1,0,0,1,0,0,1,1,1,1,1,1,1,0,0,1,1,1,1,1,0,0,0,0,0,1,1,1,0,1,1,1,1,1,0,0,1,0,0,1,1,0,1,1,1,0,0,1,0,1,0,1,1,0,1,0,1,1,0,RND_333,466.0,0
1,1,0,0,0,1,0,1,1,0,0,1,0,0,0,1,0,0,1,1,0,1,1,0,1,1,0,1,0,0,1,1,0,0,0,1,1,1,1,0,1,1,1,0,0,1,1,0,1,1,0,0,1,1,1,1,0,1,1,1,0,0,0,1,RND_334,499.25,0
1,1,1,1,0,1,1,0,0,0,1,1,0,1,0,0,0,0,0,0,1,1,1,0,0,0,0,1,0,0,0,1,1,1,0,0,0,1,0,0,1,1,1,0,1,0,1,1,0,0,0,1,0,0,0,0,0,0,0,1,0,0,1,0,RND_335,452.1875,0
0,0,1,1,0,0,1,1,0,0,0,1,1,1,0,1,1,1,0,1,0,1,1,1,0,0,0,0,0,0,1,1,0,0,0,0,1,0,0,1,1,1,1,0,0,0,1,0,1,1,1,1,0,1,0,0,1,0,0,1,0,1,1,0,RND_336,513.125,1
1,0,1,0,0,1,1,0,0,1,1,0,1,1,1,0,1,1,1,0,1,0,1,0,0,0,0,1,0,1,1,1,1,0,1,1,1,1,1,0,0,0,1,1,0,1,1,0,1,1,0,1,0,0,1,1,1,0,0,0,0,1,1,0,RND_337,481.5,0
0,0,0,0,0,1,1,1,0,1,0,0,0,0,1,1,0,0,0,1,1,1,0,0,1,1,1,1,0,0,0,0,1,1,0,1,1,0,1,0,1,0,0,1,1,1,1,1,1,1,0,1,1,1,1,1,0,0,0,1,0,0,1,0,RND_338,518.9375,1
0,0,0,1,0,1,1,0,0,0,1,1,1,1,1,1,1,1,1,1,1,1,1,1,1,0,0,1,1,1,1,0,0,0,1,1,1,1,0,1,0,1,0,1,1,1,1,1,0,0,0,1,1,1,0,1,1,0,0,0,0,1,1,0,RND_339,474.0625,0
0,1,1,0,0,1,0,0,1,0,0,1,1,0,0,1,0,0,0,1,0,0,0,1,0,0,1,0,1,0,1,1,1,0,1,1,0,1,0,0,1,1,1,0,1,1,0,1,0,1,1,1,1,0,1,1,0,1,0,1,0,0,1,0,RND_340,496.875,0
0,1,1,0,0,0,0,1,0,1,1,0,1,0,1,0,0,0,0,1,1,1,1,1,1,1,1,0,1,0,1,1,0,0,0,0,1,1,1,0,1,0,0,0,0,1,0,1,1,1,0,1,1,1,1,0,0,1,0,0,1,1,0,0,RND_341,509.4375,0
0,1,0,0,1,0,1,0,1,1,1,1,1,0,1,0,0,0,1,0,0,1,0,1,0,0,0,0,1,0,0,1,1,1,1,0,1,1,1,1,1,0,1,1,1,1,1,0,0,0,1,0,1,0,1,0,1,1,0,1,1,1,0,1,RND_342,563.9375,1
0,1,1,1,0,0,0,0,1,1,0,0,0,1,0,0,0,0,1,0,0,0,1,0,0,0,1,0,1,1,0,0,0,1,0,0,1,0,0,1,0,0,1,1,1,1,0,0,1,0,1,1,1,1,1,0,0,1,1,1,0,1,1,0,RND_343,481.0,0
0,0,0,0,1,1,1,0,1,1,0,1,0,0,1,0,1,1,1,0,1,1,0,0,0,1,0,1,1,0,0,0,0,1,0,0,1,1,0,1,1,0,0,1,1,1,0,0,0,1,1,1,1,1,1,1,1,1,0,0,1,1,1,0,RND_344,520.0625,1
0,1,0,0,1,1,0,1,0,0,1,1,1,1,0,0,1,0,0,1,0,0,0,0,1,1,1,0,0,0,0,1,0,1,1,0,1,1,0,1,1,0,1,0,1,1,1,1,1,1,0,0,1,1,1,0,1,1,0,1,0,1,0,1,RND_345,448.1875,0
0,0,0,0,0,1,0,1,0,0,1,1,1,1,0,1,0,1,1,1,0,0,0,1,1,0,0,0,0,1,1,0,1,0,0,0,1,1,1,1,0,1,1,1,1,0,0,0,1,1,0,1,0,0,0,0,0,0,1,0,0,0,1,1,RND_346,483.875,0
0,1,1,1,0,0,1,1,0,1,0,1,1,1,0,1,1,0,0,0,0,1,0,1,1,1,1,1,1,0,1,0,0,1,0,1,0,1,0,0,1,1,1,1,0,0,1,1,1,1,0,1,0,0,0,1,0,0,1,1,0,0,1,1,RND_347,536.8125,1
1,1,1,0,0,0,0,1,1,0,0,0,1,1,1,1,0,1,1,1,0,0,1,0,0,1,1,1,1,0,0,0,0,1,0,1,1,0,1,1,1,1,0,0,0,1,0,0,0,1,0,0,1,0,0,1,0,0,1,0,1,1,1,0,RND_348,416.8125,0
0,0,1,0,1,0,0,1,1,1,1,0,1,1,0,1,0,0,1,0,0,0,1,1,0,0,0,1,0,0,0,0,0,0,1,1,1,0,1,0,0,1,0,0,1,0,0,1,1,1,0,0,1,0,1,1,0,0,0,1,1,0,0,0,RND_349,444.6875,0
0,0,0,1,0,0,1,0,0,0,0,0,1,1,0,0,0,0,0,0,0,1,1,0,0,0,0,0,0,1,0,1,0,0,0,0,1,1,1,1,1,0,0,1,0,1,1,1,1,1,0,0,1,1,1,0,1,0,0,1,0,1,1,1,RND_350,502.625,0
0,1,1,0,1,0,1,1,0,1,0,1,1,1,1,0,1,1,1,0,1,0,0,1,1,1,0,1,1,1,0,0,1,1,0,1,1,1,1,1,1,0,1,0,1,0,1,0,0,1,0,1,1,0,1,0,1,1,0,0,1,1,0,0,RND_351,506.75,0
1,1,0,1,1,1,1,0,0,1,0,1,0,1,1,0,0,1,0,1,0,0,0,1,0,1,0,0,0,0,1,0,1,0,1,0,1,0,0,0,1,1,1,0,0,1,1,0,0,0,0,1,1,0,1,1,1,0,1,1,0,0,1,1,RND_352,469.5625,0
1,1,0,0,0,1,0,1,0,0,1,1,0,0,0,1,1,1,1,0,1,1,0,1,0,0,1,0,0,0,0,1,0,0,1,0,0,1,0,1,0,0,0,0,0,1,1,0,1,1,1,0,1,0,1,0,1,0,0,0,1,1,0,0,RND_353,435.1875,0
0,1,0,0,1,0,1,0,0,0,1,0,0,0,1,1,0,1,0,0,0,0,1,0,0,0,1,1,1,1,0,0,0,1,0,0,1,0,1,0,1,0,0,1,0,0,1,1,0,0,1,0,0,0,0,1,0,0,1,1,0,0,0,1,RND_354,499.9375,0
0,0,0,1,1,1,0,1,0,0,1,1,1,1,1,1,1,0,0,0,0,0,1,1,0,1,0,1,0,0,0,0,1,1,0,0,0,0,1,0,1,0,1,1,0,1,0,1,1,1,1,0,1,0,1,1,0,0,0,1,1,1,0,1,RND_355,459.1875,0
1,1,1,1,1,0,0,0,1,0,1,1,1,1,1,0,1,1,1,0,0,1,0,1,0,1,1,0,1,1,1,0,1,1,0,1,0,0,0,1,1,0,0,0,1,1,0,1,0,1,0,0,0,1,1,0,1,0,1,0,0,0,1,1,RND_356,472.1875,0
0,0,0,0,1,0,0,0,0,0,0,0,0,1,0,1,1,1,0,0,1,1,0,0,1,0,0,1,1,0,0,1,0,0,0,1,0,1,0,1,1,0,0,0,0,1,1,0,1,1,0,1,0,0,0,0,0,0,1,0,1,1,0,1,RND_357,496.6875,0
0,1,0,0,1,1,1,1,1,1,0,0,0,0,0,0,1,0,1,1,0,0,1,0,0,0,0,1,1,0,1,0,1,1,1,1,1,1,1,0,1,0,0,1,1,0,1,1,0,1,0,1,0,0,1,1,1,1,0,0,1,1,1,1,RND_358,489.0,0
0,0,1,1,0,1,1,0,0,1,0,1,0,0,1,0,0,1,0,1,1,0,1,1,1,1,1,1,0,1,0,1,0,0,0,1,0,0,1,0,0,1,0,1,0,1,0,1,1,0,1,0,1,1,1,1,1,0,1,0,1,1,0,0,RND_359,485.3125,0
1,0,1,1,0,0,0,0,0,1,1,1,0,0,0,1,0,1,0,0,1,0,0,1,1,0,0,1,0,0,1,1,0,0,0,0,1,0,1,1,0,0,1,0,0,1,1,0,1,0,1,0,0,1,0,0,0,0,0,0,1,1,0,0,RND_360,471.0,0
0,0,1,0,0,0,0,0,0,1,0,1,1,0,0,0,0,0,0,1,1,0,1,0,0,1,1,1,1,0,1,1,1,0,1,0,0,0,1,1,0,0,0,0,1,1,1,0,1,1,1,1,1,1,0,1,0,0,1,1,0,0,0,1,RND_361,489.125,0
1,1,1,1,1,0,1,0,1,1,0,0,0,0,0,1,1,0,1,0,0,0,0,0,0,0,1,1,1,0,1,1,1,0,1,0,0,0,0,1,0,1,0,0,0,1,1,1,1,0,1,0,0,1,0,1,0,0,0,0,0,1,1,0,RND_362,414.3125,0
0,0,0,0,0,1,1,1,1,1,0,0,1,1,0,1,0,1,1,1,0,1,0,0,0,0,0,1,0,1,1,0,1,1,1,0,1,1,0,1,0,0,1,0,1,1,1,0,0,1,1,1,1,1,1,1,1,1,1,1,0,0,1,1,RND_363,506.25,0
1,0,0,1,1,0,1,0,1,0,1,1,1,1,0,0,0,1,0,1,1,1,0,0,1,0,1,0,1,1,0,0,0,0,1,1,1,0,0,0,0,1,1,1,0,1,1,1,1,0,1,0,1,0,1,0,0,0,0,0,1,1,0,0,RND_364,532.8125,1
0,1,0,0,1,1,0,1,1,1,1,0,1,0,1,0,0,1,0,0,0,0,0,0,0,0,1,1,0,1,1,0,0,0,1,1,1,0,0,1,1,0,0,1,0,1,1,1,1,0,0,1,1,1,0,0,0,0,1,1,0,0,1,0,RND_365,500.125,0
0,0,0,1,1,1,0,1,1,0,0,0,0,1,1,0,0,1,0,1,0,0,1,1,1,1,0,0,1,0,0,1,0,1,1,1,1,1,0,0,0,0,0,1,1,1,1,1,0,1,1,1,0,0,0,0,1,0,1,0,1,0,1,0,RND_366,465.8125,0
0,1,1,1,1,0,0,1,1,1,1,0,0,0,1,0,1,0,1,0,1,0,1,0,1,1,0,1,1,1,1,0,1,0,1,0,0,0,1,0,1,1,0,0,1,1,1,0,0,1,1,1,1,1,0,0,0,0,0,1,0,0,1,0,RND_367,481.3125,0
1,1,1,0,1,1,0,1,0,0,1,0,1,1,1,0,0,0,1,0,0,1,0,0,1,0,0,1,1,1,1,0,0,1,0,1,0,1,1,0,0,0,0,1,0,0,0,0,0,1,0,0,1,1,1,0,0,1,1,1,1,0,1,0,RND_368,448.75,0
1,0,1,1,1,1,1,1,1,1,1,0,1,0,0,1,1,0,0,1,0,0,1,0,1,1,0,1,0,0,0,0,0,1,0,0,1,0,1,1,1,0,1,0,0,1,1,0,0,1,0,0,0,0,1,0,1,0,0,0,0,1,1,0,RND_369,520.875,1
1,1,1,1,0,0,1,1,0,1,1,0,0,0,1,1,1,0,1,1,0,1,1,1,0,0,0,0,0,1,0,1,1,1,0,0,1,1,1,1,0,1,0,1,0,0,0,0,0,1,0,0,1,1,0,1,0,0,1,1,0,0,1,0,RND_370,476.5,0
1,0,0,0,0,1,1,0,1,0,0,0,0,0,0,0,0,0,1,0,0,1,0,0,0,1,1,0,1,0,0,0,0,1,0,1,1,1,0,0,1,1,0,0,0,0,0,1,0,1,1,1,1,1,0,1,0,0,0,0,1,0,0,0,RND_371,470.4375,0
1,1,0,1,1,0,0,0,1,0,1,0,1,1,1,0,0,1,1,1,1,0,1,1,1,0,0,1,0,1,1,0,0,1,0,1,1,0,0,0,1,1,1,1,0,0,1,1,0,1,1,0,0,0,1,1,0,1,0,0,1,1,1,1,RND_372,426.0,0
1,0,1,1,1,1,1,0,0,1,0,1,0,0,1,0,1,0,1,1,1,0,0,0,1,1,1,0,1,0,0,1,1,0,0,1,0,0,0,1,1,0,1,1,1,1,0,0,0,0,0,0,0,0,0,1,0,0,1,0,1,1,0,0,RND_373,404.75,0
1,1,0,0,0,0,0,1,0,0,0,1,0,0,0,1,0,0,0,1,0,1,1,0,1,1,1,0,1,1,0,1,1,0,1,1,1,1,1,1,1,0,1,1,0,1,1,1,1,0,1,1,0,1,1,1,1,1,0,1,0,1,0,1,RND_374,473.1875,0
1,0,1,1,0,1,1,1,1,0,0,0,1,1,1,1,0,1,0,0,1,0,1,1,0,1,1,0,1,0,1,1,0,1,0,0,1,1,1,0,0,0,1,0,1,0,0,0,1,1,0,1,0,1,1,1,0,0,0,0,1,0,1,1,RND_375,504.3125,0
0,1,0,0,0,1,1,0,0,0,1,0,1,0,0,0,1,1,0,0,1,1,0,0,0,0,0,0,1,0,1,0,1,1,0,1,1,0,1,1,0,1,0,0,1,1,0,0,1,1,1,1,0,1,1,0,0,0,1,0,0,1,1,1,RND_376,502.9375,0
1,1,0,1,0,1,0,1,0,0,1,1,0,0,1,1,1,0,0,0,1,1,1,1,0,1,1,0,0,1,0,1,0,1,1,0,0,0,1,0,0,1,0,0,0,1,0,1,1,0,1,1,0,1,0,0,1,1,0,0,0,0,1,0,RND_377,467.125,0
0,1,1,0,1,0,0,0,1,0,1,1,1,0,0,0,0,0,0,1,0,1,1,1,1,1,1,0,0,0,1,1,0,1,1,0,0,0,1,0,1,1,0,0,0,0,1,1,0,0,1,0,1,0,0,1,0,1,1,0,1,0,0,0,RND_378,508.75,0
1,0,0,0,1,0,0,0,0,0,1,0,1,1,0,1,1,1,0,0,1,0,1,1,0,1,1,1,0,1,0,0,1,1,1,0,0,0,0,0,1,0,1,0,0,1,1,0,0,1,1,1,1,0,0,0,1,0,0,1,1,1,1,1,RND_379,486.0625,0
0,0,0,1,0,0,0,0,0,1,0,0,0,1,0,0,0,1,1,0,0,1,0,0,0,0,0,0,1,0,0,0,0,0,1,0,1,0,1,0,0,0,1,0,1,0,1,1,1,1,1,0,0,0,0,1,0,0,1,0,0,1,0,1,RND_380,478.75,0
0,1,0,1,1,0,1,0,0,0,1,0,1,0,0,0,1,1,1,1,1,1,1,0,1,1,1,1,0,0,1,1,1,0,0,1,1,0,1,0,1,0,1,1,0,0,1,1,1,0,0,1,1,1,0,1,0,0,1,1,0,0,0,0,RND_381,533.9375,1
1,1,0,1,1,1,1,0,1,1,0,0,0,1,0,0,1,1,0,1,0,0,1,0,1,0,0,1,1,0,1,1,1,0,1,1,1,1,1,1,0,0,1,0,0,0,1,0,1,0,1,0,0,1,0,0,0,0,1,0,1,1,0,1,RND_382,463.6875,0
0,0,1,0,1,0,0,0,1,0,0,0,1,1,0,0,0,0,0,1,1,0,1,1,1,1,1,1,1,0,1,0,0,0,1,0,0,1,1,1,1,1,0,0,0,1,0,1,0,1,1,0,0,1,0,0,0,1,1,1,1,0,1,0,RND_383,496.0,0
1,1,1,0,1,0,0,0,0,1,0,0,0,0,0,1,0,1,1,1,0,0,0,1,0,0,1,0,0,0,1,1,1,0,0,1,0,0,1,0,1,1,1,1,0,1,1,0,0,0,1,1,0,0,0,1,1,0,1,1,0,0,1,0,RND_384,393.125,0
1,1,1,0,0,0,0,1,0,0,1,0,1,1,1,0,0,1,1,0,0,1,1,0,0,0,0,1,1,1,0,1,1,1,1,0,1,0,0,0,1,1,0,1,0,1,1,0,0,0,0,1,0,1,1,0,1,0,0,1,0,1,0,0,RND_385,480.8125,0
1,0,0,0,1,0,0,0,1,0,0,0,1,1,1,0,0,0,1,1,1,0,1,1,0,0,0,1,0,1,0,1,1,1,1,0,0,1,0,1,1,1,0,1,0,1,1,1,0,0,0,1,0,1,1,0,1,1,0,0,0,1,0,0,RND_386,446.8125,0
0,0,1,1,1,1,0,0,0,0,0,1,1,1,1,1,0,0,1,0,0,1,0,1,0,0,0,0,0,1,0,1,0,1,0,1,1,0,0,1,1,0,0,1,0,0,1,0,1,1,0,1,1,1,0,1,1,1,0,1,0,0,1,0,RND_387,489.75,0
1,1,0,1,1,0,1,0,1,0,1,1,1,0,0,1,1,1,1,0,1,0,1,1,1,0,1,1,0,0,0,0,1,1,0,1,0,1,1,1,1,1,1,1,1,1,0,1,0,1,0,1,0,0,1,1,0,0,0,0,1,1,0,1,RND_388,438.0,0
1,1,1,1,1,1,0,1,0,1,0,0,1,1,1,1,0,0,1,0,1,1,1,0,1,1,0,1,1,1,0,1,1,1,0,0,1,0,1,0,1,0,1,1,0,1,0,0,1,0,0,1,1,1,0,1,1,0,1,0,1,0,1,0,RND_389,475.625,0
1,0,1,1,0,0,0,0,0,0,1,1,1,0,0,0,1,1,0,1,1,1,1,1,0,0,1,1,1,0,0,0,1,0,1,1,1,0,1,1,1,0,0,0,0,0,0,0,1,1,1,0,1,0,1,0,0,1,1,1,1,1,1,1,RND_390,478.6875,0
0,1,0,1,0,1,1,1,0,1,1,1,1,1,1,1,0,1,1,0,1,0,1,1,1,0,0,1,1,1,1,1,1,0,1,0,0,1,1,1,1,0,1,1,1,0,1,0,0,1,1,0,0,0,0,0,0,1,0,1,1,1,1,0,RND_391,538.0625,1
0,1,1,1,0,1,1,1,0,1,0,0,0,1,1,0,0,0,1,1,0,0,0,0,0,1,1,1,0,0,1,1,0,0,0,1,0,1,1,1,1,0,1,1,1,1,1,0,1,1,0,1,1,1,1,1,0,0,1,0,1,1,1,1,RND_392,535.875,1
0,0,1,0,0,0,0,0,0,1,1,1,0,1,1,1,0,1,0,0,0,1,0,1,0,0,0,1,1,0,1,1,1,1,0,0,0,1,1,1,0,1,1,1,1,0,0,0,1,1,1,0,0,0,0,1,0,1,0,1,1,1,1,1,RND_393,475.875,0
1,0,0,0,0,1,0,0,0,0,1,1,0,1,1,1,0,1,0,1,0,0,1,1,1,0,1,0,0,1,1,1,0,1,1,1,0,0,0,0,0,1,0,0,0,0,0,1,1,0,1,0,0,1,0,0,1,1,0,0,0,0,0,1,RND_394,414.875,0
0,1,0,1,0,0,1,1,0,0,0,0,1,1,1,0,0,0,1,0,0,0,0,1,1,0,1,1,0,0,0,1,1,1,1,1,1,1,1,0,1,1,1,0,0,0,0,1,1,1,0,0,1,1,0,0,0,1,0,1,1,0,0,0,RND_395,520.5625,1
0,0,1,0,0,1,0,1,0,0,0,1,1,1,0,1,1,0,0,0,1,1,0,0,0,1,0,0,1,1,0,0,1,0,0,0,0,0,0,1,1,1,1,0,1,0,1,0,0,1,0,1,1,0,0,1,0,0,1,0,1,0,1,0,RND_396,518.6875,1
0,0,1,0,1,1,1,1,1,1,1,1,0,0,1,0,1,1,1,1,0,0,0,1,1,1,1,0,0,1,1,1,1,1,0,0,0,1,0,1,0,0,0,0,0,0,1,0,1,1,1,1,0,0,0,0,0,1,0,1,1,0,0,1,RND_397,442.1875,0
1,0,0,1,1,0,1,0,1,1,0,0,1,0,1,1,0,0,1,0,0,1,1,0,1,1,1,1,1,0,0,1,0,0,0,0,0,0,0,0,1,0,0,1,1,1,1,1,1,1,1,0,1,1,1,0,1,1,1,1,1,1,0,0,RND_398,540.5,1
0,1,0,0,1,1,1,1,0,1,1,1,1,0,0,1,1,0,1,1,1,0,0,1,1,1,1,0,1,1,1,1,0,1,1,1,0,1,1,1,0,0,0,0,1,0,0,0,1,0,0,0,1,1,0,0,1,0,0,1,0,1,0,1,RND_399,486.875,0
1,1,0,1,1,0,0,0,1,0,0,0,1,0,0,1,0,1,0,1,1,1,1,0,1,1,1,1,1,0,1,0,0,1,0,1,1,1,1,0,1,0,0,1,0,1,1,0,0,0,1,1,1,0,1,0,0,0,1,1,0,0,0,1,RND_400,472.3125,0
1,1,1,0,0,0,1,0,1,1,0,1,1,1,1,1,1,0,1,0,1,1,0,0,0,1,1,1,1,0,0,1,1,0,1,0,1,0,0,1,1,0,0,1,1,1,1,1,1,1,1,1,0,1,0,1,1,1,1,0,1,0,1,1,RND_401,463.8125,0
1,0,1,1,0,0,0,1,0,1,1,0,1,0,1,0,1,1,1,0,0,0,0,0,1,1,1,1,0,1,1,0,0,1,1,0,0,1,1,1,1,1,1,0,0,1,1,1,1,0,1,1,1,1,0,1,0,0,0,1,1,1,0,1,RND_402,462.625,0
1,1,1,1,0,1,1,0,0,1,0,0,1,0,0,0,1,1,0,1,0,1,0,1,1,1,0,1,1,1,0,1,0,1,1,1,0,0,1,1,1,1,0,0,1,0,0,1,0,0,0,1,1,0,0,0,1,0,1,1,1,0,1,1,RND_403,509.8125,0
0,1,1,0,1,0,0,1,0,1,1,1,0,1,0,1,1,0,1,1,1,0,1,0,1,0,0,0,1,0,0,0,1,0,0,0,0,1,0,0,1,1,0,1,1,0,1,1,0,1,1,1,1,0,1,0,0,0,0,1,0,1,1,1,RND_404,485.625,0
0,1,0,0,1,0,1,0,1,1,0,0,1,1,0,0,0,0,0,0,0,1,0,1,0,1,0,0,1,0,1,1,1,1,1,1,1,1,1,0,0,1,1,1,1,0,0,0,1,0,0,1,1,0,0,1,0,0,0,0,0,1,1,1,RND_405,506.375,0
0,1,1,0,1,1,0,0,0,0,1,0,0,0,1,1,0,0,0,0,1,0,0,1,0,0,0,1,1,1,1,1,0,0,1,1,1,0,0,1,1,0,1,0,1,1,1,0,1,0,0,1,0,0,1,1,0,1,0,1,0,0,0,0,RND_406,458.75,0
1,1,1,1,1,1,1,1,0,0,1,0,1,0,0,1,1,0,1,0,0,1,0,1,0,1,0,0,0,1,0,0,1,0,1,1,0,1,1,0,0,1,0,0,0,1,0,1,0,1,0,0,0,0,1,0,1,1,1,0,0,0,0,1,RND_407,423.9375,0
0,1,0,0,0,1,1,1,0,1,0,1,1,1,1,1,0,1,0,0,0,0,1,0,0,0,0,0,0,1,1,1,0,0,1,1,0,1,1,0,1,0,0,0,1,1,1,0,1,0,0,1,1,0,1,0,1,1,0,1,0,0,1,1,RND_408,504.1875,0
1,0,1,1,1,1,1,0,0,1,1,0,1,1,1,0,0,1,0,0,0,0,0,1,1,1,1,1,1,1,0,0,1,1,0,1,1,0,0,0,1,1,0,1,1,0,1,0,1,1,1,1,1,0,0,0,0,1,1,1,1,1,1,1,RND_409,500.875,0
1,1,1,1,0,1,0,0,1,0,1,1,1,0,0,0,1,1,1,1,0,1,1,0,1,0,0,0,1,1,0,1,1,1,1,1,1,0,0,1,0,1,0,1,1,0,1,0,0,0,1,0,1,0,0,1,0,0,0,1,0,1,0,0,RND_410,462.3125,0
0,0,0,0,0,0,0,1,1,1,0,1,0,1,1,0,0,1,1,0,0,1,1,1,1,0,1,0,0,1,0,1,0,0,1,1,1,1,1,1,1,0,0,0,0,1,0,1,1,1,0,0,1,0,1,1,1,0,1,1,0,1,1,1,RND_411,511.625,1
1,0,0,0,0,0,0,0,0,0,1,0,0,1,1,1,0,0,1,1,0,1,0,0,1,0,1,1,1,0,0,1,1,1,1,0,1,0,0,0,0,0,1,0,0,1,0,0,0,1,1,1,0,0,0,0,0,0,0,1,1,1,1,1,RND_412,417.375,0
0,1,1,1,0,0,0,1,1,1,0,1,1,0,0,1,0,1,1,1,1,0,0,0,1,0,1,1,1,0,0,0,1,1,0,0,0,1,0,1,0,0,1,1,1,0,0,0,1,1,0,1,1,0,1,0,0,1,0,0,1,1,1,0,RND_413,484.0,0
0,0,1,0,0,0,0,0,1,0,0,0,0,1,0,1,0,1,1,0,0,1,1,1,0,0,1,0,1,0,1,0,0,1,1,1,1,0,1,0,1,1,0,1,0,1,0,1,0,0,0,0,1,1,1,0,1,1,1,0,1,1,0,1,RND_414,513.1875,1
0,1,1,1,1,0,1,1,1,0,1,1,1,0,0,0,0,0,1,0,1,0,1,1,1,0,0,0,1,0,0,1,1,1,0,1,1,0,1,0,1,1,0,0,1,1,0,0,0,1,0,0,0,1,0,0,1,0,1,0,0,0,1,0,RND_415,503.5,0
0,1,1,0,1,1,1,1,0,0,0,1,0,0,0,1,1,1,1,0,0,0,1,1,1,1,1,0,1,0,0,0,0,1,0,1,1,0,1,1,0,0,0,0,0,0,0,1,1,1,1,0,1,1,0,1,1,0,1,1,1,0,1,0,RND_416,511.75,1
0,0,1,1,0,0,1,1,1,1,0,0,1,0,1,0,1,1,0,0,1,0,1,0,1,1,0,0,0,0,0,0,1,0,1,1,0,0,0,0,0,1,1,0,0,0,1,1,1,0,1,0,1,0,0,0,0,1,0,1,0,1,0,0,RND_417,490.25,0
0,0,1,0,0,1,0,1,1,1,1,0,1,0,1,0,0,1,1,1,1,0,0,0,1,1,0,0,1,0,0,1,0,0,0,1,0,1,0,1,1,0,1,0,1,1,1,1,1,0,1,1,0,0,0,1,1,0,0,1,0,1,0,0,RND_418,503.6875,0
1,1,0,1,0,0,0,1,1,0,1,0,1,0,0,1,1,1,1,1,1,0,1,0,0,1,0,0,0,0,0,0,1,1,0,0,0,0,1,0,0,0,1,1,0,1,0,0,1,1,1,0,1,1,0,1,0,1,1,1,0,1,1,0,RND_419,464.0,0
0,0,1,0,1,0,0,0,1,1,0,0,1,0,1,1,1,0,1,0,0,0,0,1,1,1,0,1,1,1,0,1,1,0,1,1,1,1,0,1,1,1,1,1,0,1,1,0,0,1,1,1,1,0,1,1,1,0,1,0,0,0,1,0,RND_420,442.8125,0
0,0,0,0,1,1,1,1,0,0,1,1,1,0,0,0,0,1,1,1,0,0,1,0,1,1,1,0,0,0,0,1,0,0,1,1,1,1,0,0,1,1,0,0,0,1,1,1,0,1,0,1,1,0,1,0,0,0,1,0,0,0,0,0,RND_421,476.75,0
0,1,0,1,0,1,0,0,1,1,0,1,1,1,1,1,1,0,1,0,1,0,1,0,0,1,0,1,1,1,0,0,0,0,0,0,0,0,1,0,1,1,1,1,0,0,1,0,1,0,1,0,0,0,1,0,1,1,1,0,0,0,0,0,RND_422,524.375,1
1,1,1,1,0,1,0,1,0,1,0,1,1,1,1,1,1,0,0,0,0,1,0,1,1,0,0,0,1,0,1,0,1,1,0,0,0,0,0,0,1,1,0,1,0,0,1,0,1,0,0,1,1,0,0,0,0,1,1,0,1,1,1,0,RND_423,489.375,0
1,0,0,0,1,0,1,0,0,0,0,0,0,1,0,1,0,0,0,1,0,1,0,1,1,1,0,1,1,0,1,0,1,1,0,1,1,0,0,0,0,0,1,1,1,1,1,1,0,0,1,1,1,1,0,1,1,0,0,0,1,1,1,1,RND_424,420.4375,0
0,0,0,0,0,1,1,0,0,1,1,0,0,1,0,0,0,1,1,1,0,0,0,1,1,1,0,0,0,0,0,1,1,1,1,0,0,1,0,1,0,1,1,0,0,1,1,1,1,1,1,1,1,1,0,1,0,0,1,0,0,0,1,1,RND_425,510.4375,1
0,0,1,1,0,1,1,1,0,0,0,1,0,0,0,1,0,1,0,0,1,0,0,0,1,1,1,0,1,1,1,1,1,0,0,0,1,1,1,1,0,0,0,1,0,0,0,1,0,0,0,1,0,1,1,1,0,1,0,1,1,0,0,1,RND_426,491.3125,0
0,1,1,0,1,1,0,0,1,1,1,0,0,1,1,1,0,1,0,0,1,0,0,1,1,1,0,1,0,1,1,0,1,0,1,1,0,0,0,1,0,1,0,1,0,1,1,1,1,1,0,1,0,0,1,1,1,1,0,0,0,1,0,1,RND_427,515.0,1
0,1,1,0,1,1,0,0,1,0,0,1,0,0,0,0,0,0,0,1,1,0,1,0,1,0,1,1,0,0,0,0,0,0,0,0,1,1,0,1,1,0,0,0,0,0,1,1,0,1,1,0,1,1,1,1,0,0,0,0,0,0,0,1,RND_428,513.1875,1
0,0,1,1,0,1,1,0,0,0,0,0,1,1,0,1,0,1,0,1,0,1,1,1,1,0,0,0,0,0,0,0,1,0,0,1,1,0,0,1,0,1,1,1,0,0,1,0,1,1,1,1,1,0,1,1,0,0,0,1,0,0,0,1,RND_429,470.3125,0
1,0,0,1,1,1,0,1,1,1,0,1,0,1,1,0,0,1,0,0,0,1,1,0,1,0,0,1,0,1,1,0,0,0,0,1,1,0,0,0,1,1,1,1,0,1,0,1,1,1,1,0,0,1,1,1,0,0,0,1,0,1,1,0,RND_430,493.0,0
0,1,0,1,1,1,1,0,0,0,1,1,0,0,0,0,0,0,1,1,0,0,0,0,1,0,1,0,0,0,0,1,0,0,0,1,0,1,1,1,1,0,0,0,1,0,0,0,1,0,1,0,1,1,0,1,0,1,1,0,1,1,0,0,RND_431,519.625,1
1,1,1,0,0,0,1,0,0,0,1,1,0,0,1,0,0,0,0,0,1,0,1,0,0,0,1,0,0,0,0,0,1,0,1,0,1,1,0,0,1,0,0,0,1,1,0,0,1,1,1,1,1,0,0,0,0,1,1,1,1,0,0,1,RND_432,428.0,0
0,1,1,1,1,0,0,1,1,1,0,0,1,0,1,1,1,0,1,0,0,0,1,0,0,1,0,1,0,1,1,0,0,0,1,0,1,1,0,0,0,0,0,1,0,1,1,1,0,1,1,0,1,1,1,0,1,0,1,0,0,0,0,1,RND_433,475.1875,0
0,1,1,1,0,1,1,0,1,0,0,0,1,1,0,0,0,1,1,0,1,0,1,0,1,0,0,0,1,1,1,1,0,0,1,1,1,1,1,1,1,0,0,0,1,0,0,1,1,1,1,0,1,1,1,0,0,1,0,1,1,0,0,1,RND_434,494.1875,0
0,0,0,0,0,1,1,0,0,0,1,1,1,0,0,0,0,1,1,1,0,0,0,1,0,1,0,1,1,0,0,0,1,1,0,1,1,0,1,0,1,1,0,0,0,0,1,0,1,1,1,1,1,1,1,1,1,0,0,1,1,0,1,0,RND_435,528.5625,1
1,1,1,0,1,1,1,0,1,0,1,0,1,0,1,0,1,1,1,1,1,0,1,1,1,0,1,1,1,0,1,0,1,0,0,1,0,1,1,1,0,0,1,0,0,1,0,1,0,0,0,0,1,1,0,0,0,1,1,0,1,0,0,0,RND_436,509.1875,0
0,0,1,1,0,0,1,0,1,1,0,1,1,0,1,0,0,0,0,0,1,1,1,0,1,1,1,0,0,1,1,1,1,1,0,0,0,0,1,0,1,1,0,0,1,1,1,1,1,1,1,0,0,0,0,0,0,1,0,1,1,0,1,1,RND_437,516.1875,1
0,0,0,0,0,0,1,1,1,1,1,1,0,0,1,1,1,1,1,1,0,0,1,0,1,1,0,1,1,1,1,0,0,0,1,1,0,0,1,1,0,0,0,0,1,1,0,1,0,0,0,0,0,1,1,1,0,1,0,1,0,1,1,0,RND_438,471.375,0
0,1,0,0,0,0,0,0,1,1,0,1,1,1,0,0,1,0,0,0,0,0,0,0,1,0,0,0,1,0,0,1,0,0,0,1,0,0,0,0,0,1,1,1,0,1,0,1,1,1,1,1,0,0,0,1,0,0,0,0,0,0,1,0,RND_439,476.8125,0
1,1,1,1,1,1,0,1,1,1,0,1,0,1,1,1,0,1,1,0,1,1,0,1,1,1,1,1,1,0,1,0,1,1,1,1,1,1,0,1,0,0,1,0,1,0,1,0,0,0,1,0,1,1,0,1,0,0,1,0,1,0,1,0,RND_440,479.1875,0
1,1,1,0,0,0,1,1,1,1,1,0,0,1,0,0,0,1,0,1,0,1,1,0,1,0,0,0,1,0,1,0,0,1,0,1,1,0,1,0,0,1,1,0,0,1,1,0,1,0,0,1,1,1,1,1,0,1,1,0,0,1,0,0,RND_441,467.875,0
0,0,0,1,0,0,1,1,0,0,0,1,0,0,1,1,1,0,0,0,0,0,0,0,1,1,1,1,1,1,0,1,1,1,1,1,0,1,0,1,1,0,0,1,0,1,1,0,1,0,1,1,0,1,0,0,0,1,0,1,1,1,1,1,RND_442,500.625,0
0,1,0,1,1,1,0,1,1,0,1,1,1,0,1,1,0,0,0,1,1,0,1,0,1,1,1,1,1,0,1,0,0,1,1,0,1,0,1,0,0,0,0,0,1,0,1,1,1,1,0,0,0,0,1,1,0,0,0,1,0,1,0,0,RND_443,482.3125,0
0,0,1,1,0,1,1,0,0,1,1,1,0,1,0,0,0,1,1,1,1,1,1,1,0,1,0,0,1,0,1,1,1,0,0,1,1,0,1,0,1,1,0,1,1,0,0,1,1,1,1,1,1,1,1,1,1,1,1,1,0,0,1,0,RND_444,517.75,1
0,0,0,1,0,1,1,0,1,1,0,0,1,1,0,0,0,0,1,1,1,1,0,1,1,1,0,0,1,1,1,0,0,0,0,1,0,1,1,1,0,1,0,0,1,0,0,0,1,1,0,0,0,0,1,0,1,0,1,0,1,1,1,1,RND_445,485.0625,0
1,0,0,0,0,0,0,0,1,0,1,0,1,1,0,1,1,1,1,1,1,0,1,1,1,1,0,0,0,0,1,0,0,0,1,1,0,1,1,1,1,0,0,1,1,0,1,0,0,0,0,0,0,1,0,0,0,0,0,0,1,1,1,1,RND_446,395.75,0
0,1,1,1,0,1,1,0,1,0,1,1,0,0,0,0,1,1,0,1,1,0,0,1,0,0,0,1,1,1,1,0,1,1,0,0,0,1,1,0,0,1,1,0,1,1,1,0,0,0,1,0,0,0,1,1,0,1,0,1,0,0,1,1,RND_447,473.9375,0
1,1,1,0,1,1,0,1,0,0,1,1,0,1,1,1,1,1,0,1,1,1,0,1,1,1,1,1,0,0,0,0,0,0,1,1,1,1,1,0,0,1,0,0,1,1,1,0,1,1,0,1,1,0,1,0,0,0,0,0,0,0,0,0,RND_448,415.9375,0
0,1,0,1,0,0,0,1,1,0,1,0,0,0,0,1,0,0,1,1,0,1,1,1,0,0,1,1,0,1,0,1,1,1,1,1,1,1,1,1,1,1,1,1,0,1,1,0,1,0,0,1,0,1,1,1,0,0,1,0,1,0,1,0,RND_449,548.75,1
0,1,0,0,1,1,0,0,0,0,1,1,1,1,1,1,0,0,0,0,0,1,1,1,1,0,0,0,1,0,0,1,0,0,0,0,1,1,0,0,0,1,0,1,0,1,0,0,0,0,1,0,1,1,1,0,0,1,1,1,0,0,0,0,RND_450,503.6875,0
1,1,1,0,0,0,0,0,1,0,1,1,1,0,0,0,1,0,1,1,1,0,0,1,0,1,0,0,0,0,0,0,0,0,0,0,0,0,1,1,0,0,0,0,1,1,1,1,0,0,0,0,0,0,0,0,0,1,1,0,0,1,0,0,RND_451,390.5625,0
1,1,1,0,1,0,1,0,0,0,0,0,1,1,0,1,0,0,0,0,0,0,0,1,1,1,1,0,1,0,1,1,1,1,0,1,1,1,0,1,1,0,0,0,1,0,0,1,0,0,1,0,0,0,1,1,0,0,1,0,0,1,1,1,RND_452,387.1875,0
0,0,1,1,1,1,1,0,0,0,0,1,0,0,1,0,1,0,0,1,0,1,0,1,0,0,0,0,1,0,0,1,1,1,1,1,0,0,0,1,1,0,1,0,0,1,0,1,1,1,1,1,0,0,0,1,0,0,1,0,0,1,1,0,RND_453,465.0625,0
1,0,1,0,0,0,0,0,1,0,1,1,1,1,1,1,1,1,1,1,1,0,1,0,1,0,0,0,1,0,0,1,1,1,0,1,1,1,0,0,1,1,1,0,0,0,1,1,0,1,1,0,0,1,0,1,0,0,1,1,0,0,1,1,RND_454,472.5,0
0,0,1,0,0,0,1,0,1,1,1,1,1,1,1,0,1,0,1,1,0,1,1,0,1,0,0,1,1,1,1,1,1,1,1,0,0,0,0,0,0,1,0,0,1,0,0,1,1,1,0,0,1,0,1,0,1,0,1,1,0,0,1,0,RND_455,492.1875,0
0,1,1,0,0,0,0,1,1,0,0,1,1,1,0,1,1,0,0,1,0,1,1,1,0,1,0,1,1,1,1,1,1,1,0,0,1,1,1,0,1,1,0,0,0,0,1,0,1,0,1,1,1,1,1,0,0,1,0,1,0,0,0,1,RND_456,514.1875,1
1,1,0,0,0,0,1,0,1,0,0,1,1,1,1,0,0,0,1,1,1,0,1,0,0,1,1,0,0,0,1,0,1,1,1,1,0,0,0,0,1,1,1,1,1,1,0,0,1,0,0,1,0,1,0,0,1,0,0,1,0,0,1,1,RND_457,427.375,0
1,1,1,0,0,0,0,1,1,1,0,1,1,0,1,0,0,1,1,1,1,1,0,0,1,0,0,1,0,0,1,0,0,0,0,0,0,1,1,0,1,1,1,0,0,1,1,0,0,1,1,0,1,1,1,0,0,0,0,0,1,0,0,1,RND_458,486.625,0
0,0,1,0,1,1,0,0,0,1,0,0,1,1,0,1,1,1,1,1,0,1,1,0,1,1,1,1,1,1,1,0,1,1,1,1,1,0,0,0,1,1,1,1,1,0,0,0,1,1,0,0,0,0,1,0,1,0,0,0,0,1,1,1,RND_459,494.25,0
0,1,1,0,0,0,0,1,1,0,1,0,1,0,1,1,0,0,1,1,1,1,1,0,0,1,0,1,0,0,1,0,1,1,0,0,0,1,1,0,0,1,0,0,1,1,0,0,1,0,0,1,0,0,1,0,0,0,0,0,1,0,0,1,RND_460,495.5,0
0,0,1,0,0,1,0,1,0,0,0,0,0,0,1,1,1,0,0,1,1,0,1,1,0,1,0,1,0,1,1,1,0,1,1,1,1,1,1,0,0,1,1,0,1,0,1,1,0,1,0,0,1,0,1,1,0,1,0,0,0,0,1,1,RND_461,467.375,0
0,0,0,1,0,0,0,0,1,1,1,1,0,0,0,1,0,1,1,1,1,0,1,1,0,1,1,1,1,0,1,1,0,0,1,0,0,0,1,0,1,0,1,1,0,0,0,1,1,1,0,1,1,0,1,0,1,1,1,0,0,1,1,1,RND_462,540.75,1
1,1,1,1,0,0,1,0,1,0,0,0,0,0,0,0,1,0,1,1,0,0,1,1,1,0,0,0,0,1,1,1,0,0,1,1,0,0,0,0,0,1,1,1,0,1,0,0,1,1,1,1,0,1,1,1,1,0,1,1,0,0,0,1,RND_463,436.6875,0
0,1,1,1,0,0,1,1,1,0,1,1,1,1,1,1,0,0,1,0,1,0,0,1,1,1,1,0,0,1,1,1,1,0,0,1,1,0,1,1,0,1,1,0,0,1,0,1,0,0,0,0,1,1,1,0,1,0,1,0,1,1,1,1,RND_464,491.0625,0
0,0,0,0,1,1,0,0,1,0,0,0,0,1,1,1,1,1,1,0,1,0,0,1,1,1,1,1,1,1,0,0,1,0,0,0,0,1,0,0,1,1,1,1,0,0,0,1,0,1,0,0,0,1,0,1,1,0,0,0,1,1,0,0,RND_465,443.125,0
0,1,1,0,0,0,0,0,0,1,1,1,0,0,1,0,1,0,1,0,0,1,1,0,1,1,0,0,0,1,1,0,1,1,0,1,0,0,1,0,0,0,1,0,1,0,1,0,0,0,0,0,0,0,1,1,0,0,0,1,0,0,0,1,RND_466,519.875,1
0,1,1,1,1,1,0,1,1,0,1,1,0,0,0,1,0,0,0,0,1,1,0,1,1,1,0,0,0,0,1,0,0,0,0,0,0,0,0,0,0,1,1,1,0,0,1,0,0,0,1,1,1,0,0,1,0,1,0,1,1,0,1,0,RND_467,488.5625,0
0,0,0,0,0,1,0,0,1,1,0,0,1,1,1,0,0,1,0,1,0,0,1,1,1,1,1,1,0,1,0,1,0,1,0,1,1,1,1,1,0,1,0,1,1,0,1,0,1,0,0,1,1,1,1,1,0,1,0,1,1,1,1,0,RND_468,470.25,0
1,0,0,0,1,1,1,0,1,0,1,1,1,1,0,0,1,0,1,1,0,0,1,1,0,1,1,0,0,1,0,1,1,1,1,0,0,1,1,1,0,1,1,1,0,0,0,1,1,0,0,0,0,1,0,1,0,0,1,0,1,1,0,0,RND_469,471.0,0
1,1,1,0,1,0,0,1,0,1,0,0,1,0,1,0,0,0,0,1,1,1,0,1,0,1,0,0,0,0,0,0,0,0,1,1,0,0,1,0,1,0,1,0,1,0,1,1,0,1,0,0,0,0,1,0,0,0,0,1,0,0,0,0,RND_470,445.9375,0
1,0,1,0,1,1,1,1,0,1,1,1,1,1,1,0,1,0,1,0,0,1,0,1,1,1,0,0,1,0,1,0,0,1,0,0,1,0,0,1,1,1,0,0,1,0,0,1,1,1,1,1,1,1,0,0,1,1,1,1,0,0,0,1,RND_471,442.4375,0
1,0,0,0,1,1,0,0,1,0,1,0,0,0,1,1,0,1,1,0,0,0,0,1,0,1,1,1,0,1,1,1,1,1,1,0,0,0,1,0,0,1,0,0,0,1,1,0,1,1,0,0,0,0,0,1,0,1,1,1,1,1,1,0,RND_472,406.25,0
0,1,1,0,0,0,1,0,1,1,0,1,1,0,0,1,1,0,0,0,0,0,0,0,0,1,1,0,1,0,1,1,0,0,1,0,1,1,1,1,1,1,1,0,1,0,0,1,1,1,1,1,0,0,1,1,0,0,0,0,0,0,0,0,RND_473,475.9375,0
1,0,1,1,1,0,1,1,0,0,0,0,1,1,1,0,0,1,1,1,0,1,1,0,0,0,0,1,1,0,1,1,0,0,1,1,1,0,0,1,0,0,0,1,0,1,0,1,0,1,0,1,1,0,0,1,1,1,1,1,1,0,0,0,RND_474,479.0625,0
1,0,0,0,1,0,1,1,1,0,1,1,1,1,1,1,1,1,0,1,1,0,0,1,0,1,1,0,1,0,0,1,0,1,1,0,0,0,0,1,1,0,1,0,0,0,0,0,0,0,1,1,0,1,1,0,0,1,1,1,0,0,1,0,RND_475,510.1875,1
0,0,1,0,1,1,1,0,1,0,1,1,0,0,1,1,1,1,0,1,1,0,0,1,0,0,0,0,1,0,1,1,0,0,0,1,1,1,0,1,1,1,0,1,1,1,0,0,1,1,0,0,0,1,1,0,1,1,0,0,1,0,1,1,RND_476,462.8125,0
1,1,0,0,1,1,0,1,1,1,1,0,0,1,1,1,1,0,0,1,0,0,1,1,1,1,1,1,1,1,1,1,1,1,1,1,0,1,1,0,1,1,1,1,0,0,1,0,1,0,1,1,0,0,1,1,1,0,1,1,0,0,1,1,RND_477,546.625,1
1,0,1,0,1,0,0,0,1,1,0,0,0,0,1,1,1,0,1,0,1,0,1,0,0,1,0,1,0,1,0,0,1,0,1,0,0,0,1,1,0,1,1,0,0,1,1,1,1,1,1,1,1,0,0,0,0,1,0,1,1,0,1,0,RND_478,404.875,0
0,1,0,0,0,0,0,1,1,0,1,0,1,0,1,1,1,1,1,1,0,0,0,0,1,0,1,1,0,1,1,1,1,1,0,1,0,1,0,1,0,0,1,0,1,1,1,1,1,0,1,0,0,0,0,0,1,0,0,0,0,0,1,1,RND_479,514.4375,1
1,1,1,0,0,0,1,1,1,0,1,0,1,0,0,1,1,0,0,1,1,0,1,0,1,0,1,1,1,0,0,0,1,1,1,0,1,1,1,0,1,1,0,1,0,0,0,0,0,1,0,1,1,0,0,1,1,1,1,1,1,0,1,0,RND_480,495.625,0
0,0,0,0,1,1,1,0,1,0,1,0,0,1,0,0,0,0,1,1,0,0,0,0,0,1,1,1,1,0,0,0,1,0,1,1,0,0,1,0,0,0,0,0,1,0,0,1,0,0,1,0,0,0,0,0,1,0,0,1,0,0,0,0,RND_481,461.875,0
1,1,1,1,0,1,1,1,1,0,0,1,1,1,0,0,1,0,0,1,0,0,0,1,1,0,1,0,1,0,1,1,1,1,0,1,1,0,0,0,0,1,1,1,1,1,1,0,1,0,1,1,0,1,0,0,1,1,1,1,0,0,1,0,RND_482,450.4375,0
1,1,1,1,1,0,1,1,0,0,0,0,1,1,1,1,1,1,1,1,1,1,0,1,1,0,0,0,1,0,1,0,1,1,0,0,1,0,1,1,1,1,1,1,1,1,0,1,1,0,0,1,1,1,0,0,1,1,0,1,0,0,1,1,RND_483,502.5,0
1,1,0,1,1,0,0,0,1,0,1,1,1,0,0,1,1,0,0,1,0,1,0,0,1,1,1,1,0,1,1,1,1,1,1,0,0,1,0,0,1,1,1,1,0,1,0,1,0,0,1,0,1,0,0,1,0,1,1,1,1,0,0,1,RND_484,456.4375,0
0,0,1,1,0,0,0,1,0,1,0,0,0,1,1,0,0,0,0,1,0,0,0,0,1,1,0,0,0,0,0,1,0,1,0,0,0,0,1,0,0,0,1,1,1,0,1,1,1,1,0,1,0,0,0,1,0,0,1,0,1,1,1,1,RND_485,447.75,0
1,0,1,1,1,0,1,1,0,0,1,1,1,0,1,1,0,1,1,1,1,0,1,1,1,0,1,1,1,0,1,0,0,1,1,1,1,1,0,0,1,0,0,1,0,1,1,1,1,1,0,0,0,0,0,0,0,1,1,1,0,0,0,0,RND_486,499.1875,0
1,0,0,1,1,0,1,0,0,1,1,1,1,1,0,0,1,1,1,1,1,1,1,1,1,1,0,0,1,1,0,0,1,1,1,1,1,1,0,1,0,0,1,0,1,1,0,1,1,1,0,1,1,0,0,0,1,0,0,1,1,1,1,0,RND_487,525.5,1
1,0,0,0,1,0,0,1,0,1,1,1,0,0,0,1,1,0,0,1,0,0,0,1,1,1,0,0,1,0,1,0,0,0,0,0,1,0,0,1,0,0,1,0,0,0,1,1,1,1,1,1,0,1,0,1,0,0,1,1,0,0,1,0,RND_488,486.0,0
1,0,0,1,0,1,1,1,0,0,0,1,0,0,0,0,0,1,1,1,1,0,1,0,1,1,0,0,0,1,0,0,0,1,1,0,0,0,1,1,1,1,1,0,0,0,0,1,0,1,1,1,0,1,0,1,1,1,1,1,0,1,1,0,RND_489,416.625,0
0,0,1,1,0,0,1,1,0,0,0,1,1,1,0,1,0,1,1,0,0,0,0,0,1,1,0,0,0,1,0,0,0,0,1,1,1,1,0,1,1,1,0,1,1,0,0,0,0,0,0,1,0,1,1,1,1,1,0,0,0,0,1,0,RND_490,483.75,0
0,1,1,0,1,0,0,0,0,1,1,1,0,0,1,0,0,0,1,1,1,1,0,1,0,0,1,0,1,1,0,1,1,0,0,0,1,0,1,1,0,0,0,1,0,0,0,1,0,1,1,1,0,1,1,1,1,0,1,0,1,0,0,0,RND_491,524.75,1
0,0,1,1,0,1,0,0,0,1,0,1,1,1,0,1,1,0,1,1,1,1,0,1,0,1,1,0,1,1,1,0,1,1,0,0,1,1,1,0,0,1,0,0,1,0,0,1,0,0,1,0,0,0,0,1,0,0,1,0,0,1,0,0,RND_492,481.6875,0
0,0,1,1,0,0,1,1,1,1,1,0,0,1,1,0,1,0,0,0,1,1,1,1,1,0,1,1,0,1,1,1,0,0,0,0,1,0,0,1,1,0,1,1,0,1,0,0,1,1,0,1,1,1,1,1,0,1,0,0,0,1,1,1,RND_493,563.6875,1
1,1,1,1,0,1,1,1,0,0,1,1,1,0,0,1,0,0,0,0,0,1,1,1,0,0,1,1,0,0,1,0,0,1,0,0,0,0,0,1,0,0,1,1,0,1,1,0,0,1,1,0,1,0,0,0,1,1,1,1,0,0,0,0,RND_494,547.0625,1
1,0,1,1,0,1,0,0,0,0,0,0,1,1,1,1,0,0,1,1,1,0,1,1,1,1,1,0,1,1,0,0,0,1,0,1,1,0,1,0,0,0,1,1,1,0,0,1,0,0,1,0,0,1,1,1,1,1,0,1,0,0,0,1,RND_495,447.5625,0
1,1,0,1,1,0,1,1,0,1,1,0,0,0,0,1,0,1,1,1,0,1,1,0,0,0,0,0,1,0,0,0,0,1,1,1,0,1,0,0,0,1,1,0,0,1,1,1,1,0,0,1,1,0,1,0,1,1,1,1,1,0,0,0,RND_496,524.8125,1
0,0,1,1,1,0,0,0,1,0,1,0,1,0,1,0,1,1,1,0,1,1,1,0,0,1,0,0,0,0,1,1,0,1,0,1,0,0,1,0,0,0,0,0,1,0,1,1,1,0,1,0,1,1,1,0,1,1,0,0,0,0,1,1,RND_497,503.0,0
1,0,0,1,0,1,1,1,0,1,0,1,1,0,0,1,0,1,0,0,0,0,0,1,0,1,0,1,0,1,0,0,0,1,1,0,0,1,0,1,1,0,0,0,0,0,0,1,1,0,0,0,1,1,1,1,1,1,1,0,0,1,0,0,RND_498,453.875,0
0,1,1,1,0,1,1,1,0,1,0,0,0,0,0,0,0,0,1,0,0,0,1,1,0,0,1,0,1,0,0,0,1,1,0,1,1,0,0,0,0,0,1,0,1,0,0,1,1,0,1,1,1,0,1,0,0,1,1,1,1,1,0,1,RND_499,479.0625,0
